{"type": "FeatureCollection", "features": [{"type": "Feature", "geometry": {"type": "Polygon", "coordinates": [[[18.9391058, 49.930902], [18.936923, 49.9309107], [18.934743, 49.9297405], [18.9345111, 49.9295481], [18.9345853, 49.9293035], [18.9351333, 49.9287355], [18.9363154, 49.928233], [18.9425542, 49.9248389], [18.9465784, 49.9230394], [18.9486024, 49.9223896], [18.9507026, 49.921863], [18.9516062, 49.9219038], [18.9518922, 49.921948], [18.952086, 49.9220695], [18.9517961, 49.9245824], [18.9517345, 49.9247479], [18.9516205, 49.9250543], [18.9513839, 49.9256901], [18.9507821, 49.9263836], [18.9499449, 49.9269587], [18.9495769, 49.9273392], [18.9493545, 49.9278954], [18.9492929, 49.9287153], [18.9498564, 49.9296829], [18.9497894, 49.9297547], [18.9480282, 49.9296161], [18.9463094, 49.9295718], [18.9446036, 49.9296262], [18.9433626, 49.9298246], [18.9422896, 49.9300719], [18.9413753, 49.9304748], [18.9401957, 49.9309158], [18.9397038, 49.9309871], [18.9391058, 49.930902]]]}, "properties": {"name": "Zabrzeszczak Pierwszy", "natural": "water", "water": "pond", "osm_id": 54619821, "osm_type": "way"}}, {"type": "Feature", "geometry": {"type": "Polygon", "coordinates": [[[19.0017248, 49.9422415], [19.0004739, 49.9429809], [18.9998903, 49.9432011], [18.9997506, 49.9432538], [18.9987915, 49.9435383], [18.9982494, 49.9440679], [18.9981843, 49.9448224], [18.9987087, 49.9451659], [18.9993527, 49.9453824], [19.000017, 49.9454173], [19.0008575, 49.9448272], [19.0016107, 49.9443592], [19.0018406, 49.944298], [19.0036945, 49.9444739], [19.0040985, 49.9443744], [19.0045858, 49.9443744], [19.0048116, 49.9438315], [19.0038609, 49.9431967], [19.0017248, 49.9422415]]]}, "properties": {"name": "Rontok Mały", "natural": "water", "water": "pond", "osm_id": 54620600, "osm_type": "way"}}, {"type": "Feature", "geometry": {"type": "Polygon", "coordinates": [[[18.9356713, 49.9323489], [18.9353082, 49.931855], [18.9347777, 49.9309757], [18.9343781, 49.9298918], [18.9344622, 49.9298136], [18.9366617, 49.9309888], [18.9364879, 49.9312275], [18.9356713, 49.9323489]]]}, "properties": {"intermittent": "no", "name": "Zabrzeszczak Trzeci", "natural": "water", "water": "pond", "osm_id": 109923112, "osm_type": "way"}}, {"type": "Feature", "geometry": {"type": "Polygon", "coordinates": [[[19.0071237, 49.9504673], [19.0073172, 49.9505362], [19.0079575, 49.950562], [19.0083844, 49.9505318], [19.008621, 49.9502222], [19.0086041, 49.9499175], [19.0086386, 49.9497695], [19.0088901, 49.9496437], [19.0087711, 49.9494945], [19.0085596, 49.9493485], [19.0082708, 49.9492191], [19.0071237, 49.9504673]]]}, "properties": {"natural": "water", "water": "basin", "osm_id": 109923768, "osm_type": "way"}}, {"type": "Feature", "geometry": {"type": "Polygon", "coordinates": [[[19.0000606, 49.9455445], [19.0015456, 49.9445526], [19.0020536, 49.9444265], [19.0035906, 49.944603], [19.0040466, 49.9446198], [19.0046067, 49.9444852], [19.0052319, 49.9449391], [19.005727, 49.9451577], [19.0059615, 49.9454435], [19.006183, 49.9460571], [19.006665, 49.9464353], [19.0071199, 49.9466041], [19.0067815, 49.9468238], [19.0064431, 49.9468376], [19.0062965, 49.9467998], [19.0056732, 49.9463297], [19.0056207, 49.9462647], [19.0054355, 49.9461932], [19.004857, 49.9454583], [19.004002, 49.9452017], [19.0029551, 49.9453155], [19.0026479, 49.9459327], [19.0022, 49.9460451], [19.0017827, 49.9462297], [19.0016513, 49.9463946], [19.0016627, 49.9465594], [19.0013115, 49.9470086], [19.0017281, 49.9473137], [19.003705, 49.9482893], [19.0044045, 49.9485033], [19.005016, 49.9485989], [19.0055919, 49.9487455], [19.0058835, 49.9490289], [19.006073, 49.9493385], [19.0060186, 49.949658], [19.0059267, 49.9500076], [19.0070359, 49.9502021], [19.0067698, 49.9504786], [19.0055843, 49.9502937], [19.0043988, 49.9501256], [19.003096, 49.9501257], [19.0025879, 49.9500332], [19.0023013, 49.9496886], [19.0018323, 49.9494028], [19.0013764, 49.9495625], [19.0011028, 49.949924], [19.0002039, 49.9494953], [18.9995395, 49.949117], [18.9992139, 49.9487051], [18.9993441, 49.9482596], [18.9991618, 49.9480663], [18.9995265, 49.9478393], [18.9999955, 49.9476712], [19.0003863, 49.9476376], [19.0005166, 49.9473938], [19.0001127, 49.9471836], [18.9999173, 49.946881], [18.9999955, 49.9465784], [19.000256, 49.9461077], [19.0003732, 49.9458135], [19.0000606, 49.9455445]]]}, "properties": {"name": "Rontok Wielki", "natural": "water", "water": "pond", "osm_id": 109923771, "osm_type": "way"}}, {"type": "Feature", "geometry": {"type": "Polygon", "coordinates": [[[18.9598884, 49.9225405], [18.9597613, 49.9225623], [18.9597359, 49.9226496], [18.9597528, 49.9227369], [18.9598545, 49.9227969], [18.9601765, 49.9229551], [18.9607229, 49.9231336], [18.960761, 49.923146], [18.9611423, 49.9232278], [18.9612524, 49.9232823], [18.9614134, 49.9234187], [18.9615405, 49.9234514], [18.9617692, 49.9232551], [18.9618624, 49.9231023], [18.9619895, 49.9229714], [18.9622522, 49.9227969], [18.9622945, 49.922726], [18.9622522, 49.9226496], [18.962159, 49.9225896], [18.9619556, 49.9224805], [18.9614219, 49.9222296], [18.9612779, 49.9222132], [18.9610152, 49.9222896], [18.960473, 49.9223987], [18.9598884, 49.9225405]]]}, "properties": {"natural": "water", "source": "Bing", "osm_id": 180400863, "osm_type": "way"}}, {"type": "Feature", "geometry": {"type": "Polygon", "coordinates": [[[18.934336, 49.928375], [18.9348788, 49.9286766], [18.9349792, 49.9286873], [18.9351743, 49.9285617], [18.9352691, 49.9285437], [18.936401, 49.9280053], [18.9367802, 49.9278079], [18.9370757, 49.9276248], [18.9378061, 49.9272013], [18.9380124, 49.9271295], [18.9397521, 49.9261747], [18.9399584, 49.9260777], [18.9401647, 49.9259234], [18.9405272, 49.9257331], [18.9407279, 49.9256613], [18.9409063, 49.9255393], [18.9409732, 49.9254172], [18.9409008, 49.925349], [18.9401592, 49.9251229], [18.9389102, 49.9247855], [18.9375775, 49.9244408], [18.9373768, 49.9244049], [18.937282, 49.9244265], [18.9360999, 49.9254343], [18.9356315, 49.9258336], [18.9351186, 49.9264582], [18.9348788, 49.9267526], [18.9345052, 49.9273341], [18.9342989, 49.9277612], [18.934232, 49.9282458], [18.9342766, 49.9283284], [18.934336, 49.928375]]]}, "properties": {"intermittent": "no", "name": "Zabrzeszczak Drugi A", "natural": "water", "salt": "no", "source": "Bing;survey", "water": "pond", "osm_id": 180400866, "osm_type": "way"}}, {"type": "Feature", "geometry": {"type": "Polygon", "coordinates": [[[18.9399102, 49.9250007], [18.9400663, 49.9250151], [18.9409752, 49.9252484], [18.9410166, 49.92527], [18.9410835, 49.92534], [18.9411755, 49.9253507], [18.9413121, 49.9252843], [18.942235, 49.9247546], [18.9428706, 49.9244423], [18.9429989, 49.9243526], [18.943445, 49.9241551], [18.9438966, 49.9240151], [18.9455025, 49.9232541], [18.9458091, 49.9231607], [18.9463277, 49.9229561], [18.9465228, 49.9228125], [18.9468462, 49.9226725], [18.9469633, 49.9226115], [18.9469801, 49.9225397], [18.9469076, 49.9224715], [18.9467292, 49.922371], [18.9461102, 49.9217463], [18.9459876, 49.9216673], [18.9458147, 49.921635], [18.9454969, 49.9216638], [18.9432052, 49.9221484], [18.9426643, 49.9222884], [18.9417053, 49.9225002], [18.9412982, 49.9225935], [18.9412536, 49.922633], [18.9411811, 49.9227012], [18.940473, 49.9228233], [18.9399545, 49.92301], [18.9391125, 49.9234695], [18.9384434, 49.9238392], [18.9378356, 49.9241372], [18.9374676, 49.9242628], [18.9373768, 49.9243113], [18.9373991, 49.9243436], [18.9399102, 49.9250007]]]}, "properties": {"name": "Zabrzeszczak Drugi B", "natural": "water", "source": "Bing", "water": "pond", "osm_id": 180400867, "osm_type": "way"}}, {"type": "Feature", "geometry": {"type": "Polygon", "coordinates": [[[18.9668806, 49.9335537], [18.9674317, 49.9336887], [18.9676174, 49.9337041], [18.9677073, 49.9337273], [18.9678144, 49.9338223], [18.9679055, 49.9338809], [18.9679139, 49.9339477], [18.9678589, 49.9340036], [18.9678589, 49.9342695], [18.9678906, 49.9343077], [18.9680537, 49.9343881], [18.9685201, 49.9345295], [18.9689691, 49.9346168], [18.9700408, 49.9349549], [18.9705958, 49.9351076], [18.9707737, 49.9350967], [18.9711973, 49.9349794], [18.9715447, 49.9348268], [18.9720191, 49.9345159], [18.9721928, 49.9343496], [18.9722436, 49.9342024], [18.9722394, 49.933927], [18.9720208, 49.9300718], [18.972033, 49.9297172], [18.9719992, 49.9295236], [18.9718805, 49.929379], [18.9703894, 49.9282582], [18.9701098, 49.9281464], [18.9700971, 49.9281083], [18.9700378, 49.9280919], [18.9699701, 49.9280892], [18.9699107, 49.9281083], [18.9693135, 49.9280319], [18.9692457, 49.9280319], [18.9690678, 49.9280946], [18.9688771, 49.9281383], [18.9687585, 49.9281819], [18.9686907, 49.9282582], [18.9673496, 49.9302441], [18.9662457, 49.9326079], [18.9657604, 49.9331053], [18.9657364, 49.933167], [18.9657904, 49.9332171], [18.9660599, 49.9333174], [18.9668806, 49.9335537]]]}, "properties": {"name": "Maciej Kanałowy", "natural": "water", "source": "Bing", "water": "pond", "osm_id": 180400869, "osm_type": "way"}}, {"type": "Feature", "geometry": {"type": "Polygon", "coordinates": [[[18.9781667, 49.9348135], [18.9780409, 49.9349176], [18.977963, 49.9350333], [18.9780289, 49.9350834], [18.9781188, 49.935095], [18.9781068, 49.9352222], [18.9781547, 49.9352801], [18.9783105, 49.9353456], [18.9784003, 49.9353649], [18.9787598, 49.935415], [18.9793109, 49.9354227], [18.9794847, 49.9354536], [18.9797638, 49.935476], [18.9798681, 49.9354844], [18.9800358, 49.9354806], [18.9802064, 49.9354601], [18.9804821, 49.9354505], [18.9808344, 49.9354382], [18.981002, 49.9354323], [18.9811192, 49.9354283], [18.9813393, 49.9354206], [18.9814391, 49.9354171], [18.9814976, 49.9353765], [18.9815515, 49.935334], [18.9819109, 49.9348443], [18.9821745, 49.9345243], [18.9822764, 49.93437], [18.9823003, 49.9342621], [18.9823303, 49.9342119], [18.9824082, 49.9341849], [18.9824561, 49.9341348], [18.9825819, 49.9338687], [18.9826957, 49.9337723], [18.9827796, 49.9337492], [18.9828635, 49.9336451], [18.9830672, 49.9334561], [18.9833847, 49.9332479], [18.9835404, 49.9330474], [18.9835943, 49.9328816], [18.9837621, 49.9325229], [18.983846, 49.932199], [18.9839418, 49.9320448], [18.9839658, 49.9319368], [18.9840556, 49.9317208], [18.9840437, 49.9316129], [18.9838939, 49.9314663], [18.983822, 49.9314278], [18.9837202, 49.9314432], [18.9836483, 49.9314933], [18.9822943, 49.932199], [18.9810363, 49.9329163], [18.9796764, 49.9337608], [18.9787538, 49.9343777], [18.9781667, 49.9348135]]]}, "properties": {"name": "Maciek zdrojowy", "natural": "water", "water": "pond", "osm_id": 180400870, "osm_type": "way"}}, {"type": "Feature", "geometry": {"type": "Polygon", "coordinates": [[[18.9626333, 49.9228109], [18.9625401, 49.9228763], [18.9621589, 49.9232691], [18.9620403, 49.9234272], [18.9620148, 49.9235145], [18.9620148, 49.9236127], [18.9622182, 49.9239454], [18.9622315, 49.9244521], [18.9622436, 49.9249163], [18.9621589, 49.9250854], [18.9621419, 49.9257781], [18.9623622, 49.9258654], [18.9635907, 49.9261653], [18.9643108, 49.926509], [18.9648192, 49.9266944], [18.9681488, 49.9276652], [18.968547, 49.9277525], [18.9686825, 49.9277579], [18.9687927, 49.9278016], [18.9689113, 49.9278125], [18.9689706, 49.927747], [18.9690722, 49.927698], [18.9691908, 49.9276816], [18.9693095, 49.9276816], [18.9696992, 49.9277252], [18.9699449, 49.9277689], [18.9700804, 49.9277743], [18.9702075, 49.9277579], [18.9704193, 49.9276652], [18.970734, 49.9274882], [18.9707672, 49.9274744], [18.9708084, 49.9274802], [18.9708406, 49.9274981], [18.9708628, 49.9274901], [18.9708668, 49.9274812], [18.9708691, 49.927472], [18.9708436, 49.9274368], [18.9708569, 49.9274092], [18.9708958, 49.927359], [18.972058, 49.9265665], [18.9728787, 49.9260613], [18.9734299, 49.9257489], [18.9735258, 49.9256524], [18.9735078, 49.9255984], [18.9733221, 49.9255676], [18.9726571, 49.9253478], [18.97204, 49.9252089], [18.9710396, 49.9251279], [18.970111, 49.9250084], [18.9697036, 49.9248464], [18.9693562, 49.9246535], [18.9690866, 49.924426], [18.9687631, 49.924291], [18.968182, 49.924129], [18.9678285, 49.9239979], [18.967511, 49.923778], [18.9673432, 49.9235775], [18.9670497, 49.9230761], [18.9667801, 49.9229758], [18.965528, 49.9226904], [18.9651806, 49.9226479], [18.9643778, 49.9225824], [18.9639105, 49.9225592], [18.9635391, 49.9225785], [18.9630778, 49.9226402], [18.9627363, 49.9227482], [18.9626333, 49.9228109]]]}, "properties": {"name": "Maciek Borowy", "natural": "water", "source": "Bing", "water": "pond", "osm_id": 180400871, "osm_type": "way"}}, {"type": "Feature", "geometry": {"type": "Polygon", "coordinates": [[[18.9759683, 49.9253985], [18.9757885, 49.9254332], [18.9754591, 49.9255604], [18.9750816, 49.9256453], [18.9743328, 49.9256607], [18.9742429, 49.9256723], [18.9740752, 49.9257379], [18.9710714, 49.9276325], [18.971049, 49.9276466], [18.9706106, 49.9279232], [18.9704666, 49.9280813], [18.9704666, 49.9281686], [18.9705259, 49.9282449], [18.9720424, 49.9293684], [18.9721118, 49.9294609], [18.9721717, 49.9297077], [18.9721178, 49.9300664], [18.9723395, 49.9341914], [18.9722977, 49.934349], [18.9721494, 49.9345372], [18.971819, 49.9347635], [18.971497, 49.9349353], [18.9708447, 49.9351452], [18.9708404, 49.9351916], [18.9708701, 49.9352325], [18.970931, 49.9352442], [18.9727139, 49.9356147], [18.9735586, 49.9356379], [18.9759309, 49.9356263], [18.9760927, 49.9355916], [18.9764402, 49.9355646], [18.9766019, 49.9355106], [18.9767655, 49.9354029], [18.9770346, 49.9351569], [18.9775214, 49.9347899], [18.9774824, 49.9347293], [18.9774838, 49.9346955], [18.977524, 49.9346547], [18.9775869, 49.9346263], [18.9779126, 49.9345376], [18.9784911, 49.9341284], [18.9787308, 49.9339674], [18.9804125, 49.93292], [18.9806461, 49.9327713], [18.9832393, 49.9310555], [18.9827662, 49.9308947], [18.9826065, 49.9308546], [18.9824917, 49.9308649], [18.9824679, 49.9308039], [18.9822899, 49.9307368], [18.9819415, 49.9306456], [18.9809088, 49.9304634], [18.9803825, 49.930352], [18.979731, 49.9301538], [18.9793065, 49.9299266], [18.9789533, 49.929707], [18.9787263, 49.9294837], [18.9786223, 49.9293057], [18.9785667, 49.9290806], [18.9785624, 49.9288761], [18.9787065, 49.9286798], [18.9789098, 49.9285243], [18.9796723, 49.928148], [18.9798926, 49.9279926], [18.9803216, 49.9275119], [18.9803877, 49.927349], [18.9803888, 49.9272439], [18.9802823, 49.9270408], [18.9801086, 49.926899], [18.9794563, 49.9266427], [18.9784777, 49.9261272], [18.9777533, 49.9257836], [18.9774356, 49.9255927], [18.9770842, 49.9255205], [18.9762126, 49.9253932], [18.9759683, 49.9253985]]]}, "properties": {"name": "Maciek", "natural": "water", "salt": "no", "source": "Bing", "water": "pond", "osm_id": 180400872, "osm_type": "way"}}, {"type": "Feature", "geometry": {"type": "Polygon", "coordinates": [[[18.9511271, 49.9209892], [18.9511609, 49.9209733], [18.9512206, 49.9209759], [18.9512392, 49.9209818], [18.951291, 49.9210058], [18.951307, 49.9210161], [18.9513136, 49.9210297], [18.9513375, 49.9210528], [18.9513747, 49.9210657], [18.9513946, 49.9210682], [18.9514531, 49.9210665], [18.9515328, 49.9210802], [18.95155, 49.9210862], [18.95157, 49.9210896], [18.9515886, 49.9210922], [18.9516085, 49.9210922], [18.9516709, 49.9210836], [18.9517054, 49.9210708], [18.9517413, 49.9210614], [18.9518117, 49.9210537], [18.951829, 49.9210494], [18.9518502, 49.9210468], [18.9518901, 49.921046], [18.9519087, 49.92104], [18.9519339, 49.9210203], [18.9519777, 49.9209759], [18.9520388, 49.9209399], [18.9520774, 49.9209322], [18.9521199, 49.9209305], [18.952181, 49.9209228], [18.952258, 49.9209023], [18.9523138, 49.9208844], [18.9523523, 49.9208749], [18.9525197, 49.9208202], [18.9525396, 49.9208177], [18.9525794, 49.9208177], [18.952598, 49.9208219], [18.952614, 49.9208322], [18.9526259, 49.9208442], [18.9526246, 49.9208715], [18.952593, 49.9208939], [18.9524822, 49.9209266], [18.9524258, 49.9209326], [18.9523413, 49.9209568], [18.9523169, 49.9209701], [18.9522962, 49.9209858], [18.9522286, 49.9210294], [18.9521985, 49.9210391], [18.9521703, 49.9210415], [18.9520783, 49.9210415], [18.9520464, 49.9210439], [18.95199, 49.9210524], [18.9519618, 49.9210584], [18.9519355, 49.9210693], [18.9518923, 49.9210983], [18.951866, 49.9211068], [18.951836, 49.9211104], [18.9517777, 49.9211068], [18.9517477, 49.9211104], [18.9516932, 49.921131], [18.9516369, 49.9211479], [18.9516068, 49.921154], [18.9515204, 49.921154], [18.9514922, 49.92116], [18.9514171, 49.9211951], [18.951387, 49.9211963], [18.9513607, 49.9211902], [18.9513382, 49.9211794], [18.9513194, 49.9211648], [18.9512781, 49.9211189], [18.9512593, 49.9211044], [18.9512029, 49.9210741], [18.9511447, 49.9210717], [18.9511165, 49.9210753], [18.9510808, 49.9210862], [18.9510527, 49.9210802], [18.9510395, 49.9210645], [18.9510583, 49.9210512], [18.9510846, 49.9210451], [18.9511071, 49.9210366], [18.9511184, 49.9210209], [18.9511259, 49.921004], [18.9511271, 49.9209892]]]}, "properties": {"natural": "water", "source": "Bing", "osm_id": 180458996, "osm_type": "way"}}, {"type": "Feature", "geometry": {"type": "Polygon", "coordinates": [[[18.9821055, 49.9129568], [18.9819613, 49.9129702], [18.9816295, 49.9129206], [18.9813192, 49.9128306], [18.9811647, 49.9127905], [18.980958, 49.9127549], [18.9807645, 49.9127433], [18.9805932, 49.9127252], [18.9804302, 49.9126461], [18.9806004, 49.9125653], [18.9808469, 49.9125792], [18.9820011, 49.9127516], [18.9821733, 49.9128096], [18.9822279, 49.9129421], [18.9821055, 49.9129568]]]}, "properties": {"natural": "water", "source": "Bing", "water": "basin", "osm_id": 195552226, "osm_type": "way"}}, {"type": "Feature", "geometry": {"type": "Polygon", "coordinates": [[[18.9876748, 49.9098758], [18.9877011, 49.9099097], [18.9887539, 49.9099605], [18.9888092, 49.9099385], [18.9889935, 49.9096368], [18.988975, 49.9096079], [18.9880143, 49.9096113], [18.9877406, 49.909591], [18.9876958, 49.9096249], [18.9876669, 49.9097707], [18.9876748, 49.9098758]]]}, "properties": {"natural": "water", "water": "reservoir", "osm_id": 198336791, "osm_type": "way"}}, {"type": "Feature", "geometry": {"type": "Polygon", "coordinates": [[[18.9859824, 49.9083688], [18.9860587, 49.9083857], [18.9867923, 49.9080906], [18.987209, 49.907923], [18.987538, 49.9076992], [18.9875406, 49.9076331], [18.9864574, 49.9064985], [18.9864035, 49.9064841], [18.9859288, 49.9067143], [18.9856497, 49.9068174], [18.9855752, 49.9068234], [18.9855603, 49.9068509], [18.9859824, 49.9083688]]]}, "properties": {"natural": "water", "osm_id": 198336796, "osm_type": "way"}}, {"type": "Feature", "geometry": {"type": "Polygon", "coordinates": [[[18.9889829, 49.9095452], [18.9890619, 49.9095249], [18.9892962, 49.9092265], [18.9892698, 49.9091994], [18.9882959, 49.9092248], [18.9882538, 49.9092469], [18.9882222, 49.9093486], [18.9881749, 49.9093655], [18.9879827, 49.9093638], [18.9879248, 49.9093977], [18.9878379, 49.9095452], [18.9878564, 49.9095673], [18.9889829, 49.9095452]]]}, "properties": {"natural": "water", "water": "reservoir", "osm_id": 198336798, "osm_type": "way"}}, {"type": "Feature", "geometry": {"type": "Polygon", "coordinates": [[[18.9855287, 49.9067071], [18.985659, 49.9067406], [18.9858525, 49.9066807], [18.9863439, 49.9064482], [18.9863551, 49.9063834], [18.9860722, 49.9060047], [18.9857893, 49.9057433], [18.9853053, 49.9052351], [18.9851713, 49.9050457], [18.9850882, 49.904727], [18.9850244, 49.9046881], [18.9850028, 49.9047244], [18.9853351, 49.9060382], [18.9855287, 49.9067071]]]}, "properties": {"natural": "water", "osm_id": 198336801, "osm_type": "way"}}, {"type": "Feature", "geometry": {"type": "Polygon", "coordinates": [[[18.9869128, 49.906784], [18.98695, 49.9067241], [18.9879476, 49.9064484], [18.988063, 49.9064652], [18.9882342, 49.9065467], [18.9894626, 49.9072803], [18.9894515, 49.907357], [18.9884833, 49.9078148], [18.9883869, 49.9077741], [18.9882528, 49.9076135], [18.9881598, 49.9075991], [18.9879216, 49.9077238], [18.9878099, 49.9077262], [18.9869128, 49.906784]]]}, "properties": {"natural": "water", "osm_id": 198336803, "osm_type": "way"}}, {"type": "Feature", "geometry": {"type": "Polygon", "coordinates": [[[18.9851825, 49.9046141], [18.985283, 49.9049953], [18.9857967, 49.9055276], [18.9860461, 49.9058248], [18.9862359, 49.9059903], [18.9865598, 49.9063954], [18.9868241, 49.9066615], [18.9869283, 49.9066831], [18.9878664, 49.9064266], [18.987911, 49.9063571], [18.9878142, 49.9062756], [18.9870028, 49.9058009], [18.9859754, 49.905144], [18.9852793, 49.9046621], [18.9851825, 49.9046141]]]}, "properties": {"natural": "water", "osm_id": 198336805, "osm_type": "way"}}, {"type": "Feature", "geometry": {"type": "Polygon", "coordinates": [[[18.9881038, 49.9091655], [18.9882459, 49.9091638], [18.9882749, 49.909018], [18.9882591, 49.9090028], [18.9881591, 49.9090045], [18.9881143, 49.9090486], [18.9881038, 49.9091655]]]}, "properties": {"natural": "water", "osm_id": 198336808, "osm_type": "way"}}, {"type": "Feature", "geometry": {"type": "Polygon", "coordinates": [[[18.9878657, 49.9078029], [18.9881412, 49.9076735], [18.9882305, 49.9076926], [18.9883459, 49.9078197], [18.9883087, 49.9078796], [18.9880556, 49.9079539], [18.9879551, 49.9079324], [18.9878657, 49.9078029]]]}, "properties": {"natural": "water", "osm_id": 198336809, "osm_type": "way"}}, {"type": "Feature", "geometry": {"type": "Polygon", "coordinates": [[[18.988346, 49.9091587], [18.9883749, 49.9090197], [18.9891961, 49.9090096], [18.9892356, 49.9090248], [18.9892988, 49.9091265], [18.9892777, 49.9091537], [18.9883828, 49.9091876], [18.988346, 49.9091587]]]}, "properties": {"natural": "water", "water": "reservoir", "osm_id": 198336811, "osm_type": "way"}}, {"type": "Feature", "geometry": {"type": "Polygon", "coordinates": [[[18.9875051, 49.9078106], [18.9875865, 49.9077502], [18.9876498, 49.9077574], [18.987728, 49.9078293], [18.9877094, 49.9078676], [18.9876322, 49.9079009], [18.9875783, 49.9079051], [18.9875067, 49.9078596], [18.9875051, 49.9078106]]]}, "properties": {"natural": "water", "osm_id": 198336813, "osm_type": "way"}}, {"type": "Feature", "geometry": {"type": "Polygon", "coordinates": [[[18.9879991, 49.9092909], [18.9880162, 49.9093079], [18.9881609, 49.9093206], [18.9881794, 49.9092977], [18.9881938, 49.9092358], [18.9881767, 49.909218], [18.9880451, 49.9092002], [18.9880096, 49.9092231], [18.9879991, 49.9092909]]]}, "properties": {"natural": "water", "osm_id": 198336815, "osm_type": "way"}}, {"type": "Feature", "geometry": {"type": "Polygon", "coordinates": [[[18.9929264, 49.9418402], [18.9931429, 49.9421331], [18.9936829, 49.9424313], [18.9945705, 49.9426384], [18.9950961, 49.9426292], [18.9958585, 49.9424784], [18.9969749, 49.9424767], [18.9982084, 49.9421807], [18.9988574, 49.9420659], [18.9976109, 49.9416477], [18.997266, 49.9412384], [18.9978558, 49.9407451], [18.9988681, 49.9401899], [18.9978652, 49.9399738], [18.9972561, 49.9397452], [18.9968601, 49.9395226], [18.9939099, 49.938719], [18.9903561, 49.9377325], [18.9899742, 49.9377738], [18.989555, 49.9379374], [18.9899182, 49.9384163], [18.9903813, 49.939095], [18.9906752, 49.939389], [18.9911675, 49.9398005], [18.9916487, 49.9403503], [18.9916466, 49.940525], [18.9916463, 49.9405496], [18.9917966, 49.9406438], [18.9920641, 49.9408235], [18.9923202, 49.9410585], [18.9924764, 49.9413435], [18.9927929, 49.9417687], [18.9929264, 49.9418402]]]}, "properties": {"name": "Rontok", "natural": "water", "water": "pond", "osm_id": 198987406, "osm_type": "way"}}, {"type": "Feature", "geometry": {"type": "Polygon", "coordinates": [[[18.9880876, 49.9262714], [18.9879207, 49.9262317], [18.9879636, 49.9260867], [18.9880066, 49.9260038], [18.9882592, 49.9259882], [18.9883987, 49.9259744], [18.988388, 49.926154], [18.9884845, 49.9262369], [18.9883499, 49.9263146], [18.9881675, 49.9263215], [18.9880876, 49.9262714]]]}, "properties": {"natural": "water", "osm_id": 204403236, "osm_type": "way"}}, {"type": "Feature", "geometry": {"type": "Polygon", "coordinates": [[[18.9868752, 49.9292759], [18.987041, 49.9291049], [18.9871434, 49.9291101], [18.9870946, 49.92925], [18.9869873, 49.9293466], [18.9868752, 49.9292759]]]}, "properties": {"natural": "water", "osm_id": 204403242, "osm_type": "way"}}, {"type": "Feature", "geometry": {"type": "Polygon", "coordinates": [[[18.9899166, 49.9099962], [18.9893314, 49.9099924], [18.9892795, 49.9099435], [18.9894827, 49.9096591], [18.9895865, 49.9095247], [18.9897484, 49.9095399], [18.9898376, 49.9096318], [18.9898683, 49.9097302], [18.9899324, 49.9099115], [18.9899166, 49.9099962]]]}, "properties": {"natural": "water", "water": "reservoir", "osm_id": 205370814, "osm_type": "way"}}, {"type": "Feature", "geometry": {"type": "Polygon", "coordinates": [[[18.9906901, 49.9131497], [18.9904112, 49.9131739], [18.9901859, 49.9131497], [18.990025, 49.9131256], [18.989911, 49.9130573], [18.9898335, 49.9128112], [18.9897807, 49.9125419], [18.9899217, 49.9122628], [18.9901001, 49.9121065], [18.9903093, 49.9119649], [18.9905399, 49.9117161], [18.9907049, 49.9115615], [18.9908725, 49.9115123], [18.9911032, 49.911495], [18.9913915, 49.911565], [18.9918167, 49.9117265], [18.9918636, 49.9118103], [18.9917738, 49.9119303], [18.9914948, 49.9121514], [18.9912618, 49.9124137], [18.9910805, 49.9127423], [18.9909637, 49.9129356], [18.9908444, 49.9130884], [18.9906901, 49.9131497]]]}, "properties": {"natural": "water", "water": "reservoir", "osm_id": 228541341, "osm_type": "way"}}, {"type": "Feature", "geometry": {"type": "Polygon", "coordinates": [[[18.9952032, 49.9101034], [18.9950358, 49.9100269], [18.994637, 49.9096963], [18.9945271, 49.9096052], [18.994525, 49.9095126], [18.994674, 49.9094714], [18.9947889, 49.9094151], [18.9948505, 49.909347], [18.9948599, 49.9093365], [18.9950386, 49.9092641], [18.9951972, 49.9092397], [18.995283, 49.9092119], [18.9953236, 49.9091702], [18.9955895, 49.9090325], [18.9958577, 49.9089496], [18.9959972, 49.9089081], [18.9961457, 49.9089692], [18.9963368, 49.9091091], [18.9964278, 49.9091592], [18.9964694, 49.9092155], [18.9964649, 49.9092468], [18.9962002, 49.9094702], [18.9959588, 49.9096966], [18.9957353, 49.9098343], [18.9955573, 49.9099584], [18.995332, 49.9100758], [18.9952032, 49.9101034]]]}, "properties": {"natural": "water", "water": "reservoir", "osm_id": 228541343, "osm_type": "way"}}, {"type": "Feature", "geometry": {"type": "Polygon", "coordinates": [[[18.9926541, 49.9110533], [18.9922464, 49.9106664], [18.9921391, 49.9104523], [18.9922142, 49.9102173], [18.9923633, 49.9100975], [18.9926541, 49.9100032], [18.9930618, 49.9098719], [18.993609, 49.9097061], [18.9938332, 49.909524], [18.9939845, 49.9094711], [18.9942302, 49.909524], [18.9944769, 49.9096988], [18.9949705, 49.9101251], [18.9948106, 49.9102104], [18.9941229, 49.9104015], [18.9935113, 49.9106295], [18.993094, 49.9107563], [18.9926541, 49.9110533]]]}, "properties": {"natural": "water", "water": "reservoir", "osm_id": 228541344, "osm_type": "way"}}, {"type": "Feature", "geometry": {"type": "Polygon", "coordinates": [[[18.9966115, 49.9091562], [18.9965258, 49.9091502], [18.9962994, 49.909012], [18.996139, 49.9088888], [18.9962597, 49.9088032], [18.9963067, 49.9086148], [18.9963583, 49.9085639], [18.9964519, 49.9085107], [18.996589, 49.9085226], [18.9967199, 49.9085134], [18.996769, 49.9084725], [18.9967833, 49.9084054], [18.9969567, 49.9082177], [18.9971126, 49.9080813], [18.9972092, 49.9081287], [18.9972171, 49.9081563], [18.9972314, 49.908188], [18.9972821, 49.9082054], [18.9973145, 49.9082046], [18.9973496, 49.9081886], [18.997489, 49.908271], [18.9974501, 49.9083895], [18.9973536, 49.9085563], [18.9972885, 49.9086398], [18.9972238, 49.9088855], [18.9971167, 49.908981], [18.9968794, 49.9090548], [18.9966115, 49.9091562]]]}, "properties": {"natural": "water", "water": "reservoir", "osm_id": 228541346, "osm_type": "way"}}, {"type": "Feature", "geometry": {"type": "Polygon", "coordinates": [[[18.9918003, 49.9116683], [18.9909731, 49.9114033], [18.9914677, 49.9108323], [18.991811, 49.9105628], [18.991972, 49.9105835], [18.9922606, 49.9107677], [18.9923367, 49.9108875], [18.9922391, 49.9112167], [18.9920149, 49.9113712], [18.9918003, 49.9116683]]]}, "properties": {"natural": "water", "water": "reservoir", "osm_id": 228541348, "osm_type": "way"}}, {"type": "Feature", "geometry": {"type": "Polygon", "coordinates": [[[19.0187532, 49.913784], [19.01866, 49.913817], [19.0180914, 49.9138339], [19.0174485, 49.9138425], [19.0172661, 49.9137665], [19.0172232, 49.9136836], [19.0171608, 49.9133672], [19.017138, 49.9130697], [19.0171896, 49.9130388], [19.0173251, 49.9130299], [19.0177258, 49.9130184], [19.017824, 49.9128269], [19.0177811, 49.9127094], [19.0178884, 49.9125505], [19.0181318, 49.9125069], [19.0185965, 49.912516], [19.0190694, 49.9125234], [19.0191301, 49.9125505], [19.0192972, 49.9127174], [19.0193157, 49.9127799], [19.0193206, 49.9128484], [19.019279, 49.9129719], [19.0192538, 49.9130763], [19.0193404, 49.9131225], [19.0192774, 49.9131957], [19.0192039, 49.9133175], [19.0189934, 49.9134694], [19.0188204, 49.913578], [19.0187895, 49.9136592], [19.0187752, 49.9137372], [19.0187532, 49.913784]]]}, "properties": {"intermittent": "no", "landfill:waste": "industry_waste", "landuse": "landfill", "name": "Doły kwasowe", "natural": "water", "water": "reservoir", "osm_id": 229109613, "osm_type": "way"}}, {"type": "Feature", "geometry": {"type": "Polygon", "coordinates": [[[19.0093604, 49.9411806], [19.0088602, 49.9412983], [19.0080864, 49.9412138], [19.0069694, 49.9410362], [19.0054674, 49.94076], [19.0049737, 49.9406968], [19.0044063, 49.9405164], [19.0039262, 49.940352], [19.003845, 49.9402691], [19.0054738, 49.9391008], [19.0066779, 49.9381145], [19.0072472, 49.9376639], [19.0074276, 49.9375328], [19.0074743, 49.9375008], [19.0075226, 49.9374665], [19.0075664, 49.9374335], [19.0080023, 49.9371224], [19.0081361, 49.9367582], [19.0081387, 49.9366283], [19.0086042, 49.936352], [19.0089861, 49.9362854], [19.0096171, 49.9362973], [19.0099735, 49.9363338], [19.0106268, 49.9366379], [19.0110947, 49.9372579], [19.0116258, 49.9376804], [19.0119762, 49.9379252], [19.0122738, 49.9379563], [19.0125452, 49.9380316], [19.0126749, 49.9382118], [19.0123226, 49.9390319], [19.0120646, 49.9391474], [19.0115215, 49.9397628], [19.0108946, 49.9400083], [19.0104647, 49.9400926], [19.0104253, 49.9402962], [19.0107699, 49.9406258], [19.0107493, 49.94069], [19.0106628, 49.940775], [19.0101861, 49.9409817], [19.0097448, 49.941055], [19.0093604, 49.9411806]]]}, "properties": {"name": "Kopalniak", "natural": "water", "water": "pond", "osm_id": 231819958, "osm_type": "way"}}, {"type": "Feature", "geometry": {"type": "Polygon", "coordinates": [[[19.003386, 49.9401386], [19.0028496, 49.9400212], [19.0020878, 49.9397312], [19.001604, 49.939541], [19.0011651, 49.9392409], [19.0007145, 49.9389233], [19.0003605, 49.9386057], [19.0002994, 49.9385518], [19.0019673, 49.9378889], [19.0033918, 49.9373626], [19.0055317, 49.9365516], [19.0059089, 49.9367547], [19.0055318, 49.9371556], [19.005403, 49.9373903], [19.0054245, 49.937563], [19.0055318, 49.9377149], [19.0059288, 49.9378806], [19.0063043, 49.9380049], [19.0058429, 49.9384123], [19.0046735, 49.9392686], [19.003386, 49.9401386]]]}, "properties": {"natural": "water", "water": "pond", "osm_id": 231819961, "osm_type": "way"}}, {"type": "Feature", "geometry": {"type": "Polygon", "coordinates": [[[18.9959069, 49.9347382], [18.9962878, 49.9346635], [19.0012339, 49.9340064], [19.0032391, 49.9325247], [19.0032834, 49.9324633], [19.0032454, 49.9323789], [19.0031104, 49.9322899], [19.0021448, 49.9317305], [19.0019635, 49.9317481], [19.0017811, 49.9317067], [19.0016309, 49.9316514], [19.0015021, 49.9316514], [19.0013841, 49.9316307], [19.0012339, 49.9316583], [19.0011041, 49.931689], [19.0009979, 49.9317688], [19.0009013, 49.9318172], [19.0008047, 49.9318793], [19.0007082, 49.9319277], [19.0005687, 49.9318586], [19.0004614, 49.9319346], [19.0004174, 49.9320274], [19.0004936, 49.9320796], [19.0005043, 49.9321901], [19.0005151, 49.9323006], [19.000558, 49.9324042], [19.0004185, 49.9324111], [19.000279, 49.9325078], [19.0001932, 49.9324594], [19.0002565, 49.9323797], [19.000322, 49.9323144], [19.000322, 49.9322039], [19.0001921, 49.9321587], [19.0000323, 49.9321348], [18.9999239, 49.9320758], [18.9998713, 49.931976], [18.9998488, 49.9318893], [18.999689, 49.9318862], [18.9995387, 49.9318931], [18.9994518, 49.9319308], [18.9993553, 49.9319584], [18.9992813, 49.9318931], [18.9991729, 49.9319515], [18.9992276, 49.9320451], [18.9991632, 49.9321003], [18.9990881, 49.9320036], [18.9990774, 49.9318655], [18.9989487, 49.9317343], [18.9987759, 49.931689], [18.998777, 49.93161], [18.9986804, 49.9315685], [18.9985088, 49.9315616], [18.9983908, 49.9315823], [18.9982191, 49.93161], [18.9981215, 49.9315924], [18.9980045, 49.9316652], [18.9980153, 49.9317619], [18.9976923, 49.9319239], [18.9976505, 49.9320451], [18.9976827, 49.932121], [18.9977256, 49.932273], [18.9977363, 49.932342], [18.9975432, 49.9323282], [18.9972964, 49.9321832], [18.9970067, 49.932121], [18.9968665, 49.9320424], [18.9959757, 49.9327181], [18.995376, 49.933302], [18.9950541, 49.9335022], [18.9959069, 49.9347382]]]}, "properties": {"name": "Dębina Górna", "natural": "water", "water": "pond", "osm_id": 231820278, "osm_type": "way"}}, {"type": "Feature", "geometry": {"type": "Polygon", "coordinates": [[[18.9956981, 49.9348688], [18.9957303, 49.9347583], [18.9949245, 49.9335874], [18.9935311, 49.9342574], [18.9928653, 49.9344219], [18.9920415, 49.9345192], [18.9911335, 49.9345222], [18.9910835, 49.9346377], [18.9913856, 49.9351381], [18.9922423, 49.9357282], [18.9926393, 49.9359008], [18.9927053, 49.9360082], [18.9927267, 49.936098], [18.9928657, 49.9361739], [18.9929944, 49.9361532], [18.9932304, 49.9360358], [18.9956981, 49.9348688]]]}, "properties": {"natural": "water", "water": "pond", "osm_id": 231820279, "osm_type": "way"}}, {"type": "Feature", "geometry": {"type": "Polygon", "coordinates": [[[19.0077148, 49.9355672], [19.0078469, 49.9355413], [19.0079837, 49.9352498], [19.0081051, 49.9347075], [19.0079684, 49.9345466], [19.0080836, 49.9345163], [19.0085828, 49.9332244], [19.0084915, 49.9331802], [19.0067524, 49.9332882], [19.0059003, 49.9332339], [19.0058389, 49.9333508], [19.006817, 49.9338656], [19.0069968, 49.9338873], [19.0069591, 49.9339787], [19.0067817, 49.9339113], [19.0056809, 49.9333813], [19.0054674, 49.9333989], [19.0053601, 49.933316], [19.0050812, 49.933316], [19.0049202, 49.9332815], [19.0048559, 49.9332193], [19.0045125, 49.933171], [19.0043945, 49.9332331], [19.0042229, 49.9332331], [19.0041145, 49.933181], [19.0041692, 49.9330743], [19.0040619, 49.9329845], [19.0038785, 49.932891], [19.0037175, 49.9327459], [19.0035958, 49.9327646], [19.0035014, 49.9325672], [19.0032126, 49.9327619], [19.0022378, 49.933434], [19.001477, 49.9340397], [19.0014746, 49.9341514], [19.0018967, 49.934853], [19.0046724, 49.934797], [19.0077148, 49.9355672]]]}, "properties": {"name": "Pław Górny", "natural": "water", "water": "pond", "osm_id": 231820280, "osm_type": "way"}}, {"type": "Feature", "geometry": {"type": "Polygon", "coordinates": [[[19.0033189, 49.9372758], [19.0019301, 49.9349422], [19.0046617, 49.9348798], [19.0075704, 49.9355821], [19.0075891, 49.9356065], [19.0075916, 49.9356376], [19.0075168, 49.9356934], [19.0033189, 49.9372758]]]}, "properties": {"name": "Pław Dolny", "natural": "water", "water": "pond", "osm_id": 231820281, "osm_type": "way"}}, {"type": "Feature", "geometry": {"type": "Polygon", "coordinates": [[[19.0031007, 49.9371899], [18.9998607, 49.9383599], [18.9996513, 49.9383257], [18.9988048, 49.9380533], [18.9972277, 49.9376596], [18.9954896, 49.9372108], [18.9952857, 49.9371556], [18.9947278, 49.937121], [18.9942021, 49.9369346], [18.9929281, 49.9362157], [18.9948459, 49.9353601], [18.9958329, 49.9348698], [18.9967568, 49.9347084], [18.9998266, 49.9342809], [19.0000124, 49.9342689], [19.0002532, 49.934269], [19.0004345, 49.9342445], [19.0006716, 49.9341793], [19.0008019, 49.9341553], [19.0012709, 49.9341105], [19.0031007, 49.9371899]]]}, "properties": {"name": "Dębina Dolna", "natural": "water", "water": "pond", "osm_id": 231820282, "osm_type": "way"}}, {"type": "Feature", "geometry": {"type": "Polygon", "coordinates": [[[19.0139521, 49.9422897], [19.0142364, 49.9421723], [19.0139655, 49.9419336], [19.0136892, 49.9420653], [19.0139521, 49.9422897]]]}, "properties": {"natural": "water", "water": "reservoir", "osm_id": 231936550, "osm_type": "way"}}, {"type": "Feature", "geometry": {"type": "Polygon", "coordinates": [[[18.93048, 49.9323153], [18.9308889, 49.9319992], [18.9311197, 49.9319153], [18.9310929, 49.9318866], [18.9313042, 49.931805], [18.9313746, 49.9318156], [18.9317432, 49.9316705], [18.9318465, 49.9316101], [18.9318582, 49.9316237], [18.9319146, 49.9316206], [18.9319333, 49.9316055], [18.931938, 49.9315889], [18.9319615, 49.9315647], [18.931992, 49.9315557], [18.932032, 49.9315753], [18.9320695, 49.9315587], [18.9320789, 49.9315496], [18.9321752, 49.9314997], [18.9322711, 49.931487], [18.9323207, 49.9314861], [18.9323677, 49.9314453], [18.9324219, 49.9313942], [18.9324921, 49.9313773], [18.9325179, 49.9313637], [18.9325485, 49.9313199], [18.9325931, 49.9312081], [18.9326283, 49.9311265], [18.932694, 49.931004], [18.9327081, 49.9308847], [18.9327104, 49.9308257], [18.932687, 49.9307683], [18.9326541, 49.9307003], [18.9326212, 49.930661], [18.9324958, 49.9303688], [18.9323675, 49.930102], [18.9323583, 49.9300731], [18.9323465, 49.929987], [18.9323278, 49.9299477], [18.9322782, 49.9299127], [18.9322362, 49.9297316], [18.9322174, 49.9296454], [18.9321799, 49.9294429], [18.9321658, 49.9292449], [18.9321752, 49.9289366], [18.9321564, 49.9287537], [18.9321752, 49.9287235], [18.9322198, 49.9286963], [18.9322198, 49.9286646], [18.9322127, 49.9286328], [18.9322057, 49.9286086], [18.9321963, 49.9285769], [18.9321939, 49.9285512], [18.9321963, 49.9285134], [18.9322033, 49.9284741], [18.9322292, 49.9284167], [18.9322245, 49.9283442], [18.9322174, 49.9282958], [18.9321634, 49.9282746], [18.9320296, 49.9282762], [18.931884, 49.9282928], [18.931884, 49.9283064], [18.9318934, 49.9283381], [18.9318747, 49.9283744], [18.9315389, 49.9285482], [18.9314568, 49.9285966], [18.9313981, 49.9286328], [18.9312807, 49.928657], [18.9311516, 49.928657], [18.9311234, 49.9286192], [18.9310976, 49.9286056], [18.9310717, 49.9286026], [18.9310483, 49.9285784], [18.9310298, 49.9285009], [18.9310694, 49.9284636], [18.9312361, 49.9283895], [18.9315554, 49.9282293], [18.9316751, 49.9281704], [18.9317291, 49.9281719], [18.9317549, 49.9281598], [18.9317714, 49.9281401], [18.9318183, 49.9280933], [18.9318488, 49.9280691], [18.9319662, 49.9279935], [18.932039, 49.9279633], [18.9320554, 49.9279542], [18.9320625, 49.9279376], [18.9320836, 49.9279059], [18.9321235, 49.9278711], [18.9321869, 49.9278243], [18.9322245, 49.9278001], [18.9322879, 49.9278046], [18.9323231, 49.9277865], [18.9323419, 49.9277608], [18.9323395, 49.9277426], [18.9323207, 49.927729], [18.9323465, 49.9276837], [18.9324099, 49.9276429], [18.9324945, 49.9276006], [18.9325485, 49.9275552], [18.9326564, 49.9274661], [18.9327222, 49.9273981], [18.9327785, 49.9273406], [18.9328771, 49.9272394], [18.9329781, 49.9271411], [18.9330462, 49.9270761], [18.9331495, 49.9269915], [18.9332246, 49.9269174], [18.9332997, 49.9268298], [18.9333889, 49.9267739], [18.9334195, 49.9267043], [18.9334453, 49.9266741], [18.9335204, 49.9265864], [18.933558, 49.9265441], [18.9336331, 49.9264776], [18.9336871, 49.9264202], [18.9337749, 49.9263649], [18.9338021, 49.926331], [18.933835, 49.9263174], [18.9338867, 49.9262721], [18.9338796, 49.9262373], [18.9338867, 49.9261935], [18.9339196, 49.9261584], [18.9339618, 49.9261134], [18.9340064, 49.9260423], [18.934051, 49.9259955], [18.9341332, 49.9259758], [18.9341872, 49.9259592], [18.9342388, 49.9259154], [18.9342834, 49.925864], [18.9342975, 49.9258353], [18.9343398, 49.9257567], [18.9344266, 49.9256766], [18.9346497, 49.9254423], [18.9347905, 49.9252927], [18.9348351, 49.9252247], [18.9349079, 49.9251551], [18.9350676, 49.9249798], [18.9351249, 49.9249293], [18.935132, 49.9249231], [18.9351756, 49.9248846], [18.9352272, 49.9248196], [18.9352883, 49.9247939], [18.9353329, 49.9247758], [18.9353446, 49.9247319], [18.9353963, 49.9246836], [18.9355277, 49.9245853], [18.9356146, 49.9245415], [18.9358039, 49.9243853], [18.9359543, 49.9242612], [18.9359923, 49.9242823], [18.9361275, 49.9243648], [18.9362316, 49.9244282], [18.9362655, 49.9244489], [18.935539, 49.925055], [18.9355025, 49.9250907], [18.9346955, 49.9258796], [18.9342213, 49.9263898], [18.9338598, 49.9269387], [18.9336899, 49.9272909], [18.9335907, 49.9275578], [18.9335119, 49.9279144], [18.9334547, 49.9282778], [18.933434, 49.9287307], [18.9334808, 49.9290725], [18.9336175, 49.9296399], [18.9337835, 49.9300568], [18.9345797, 49.9317735], [18.934547, 49.9319182], [18.9346278, 49.9320761], [18.9347, 49.932218], [18.9348128, 49.9321936], [18.9351076, 49.9326054], [18.9355998, 49.9335814], [18.9357752, 49.9340394], [18.9358312, 49.934386], [18.935873, 49.9346671], [18.9355751, 49.9348348], [18.9355594, 49.9349854], [18.9355408, 49.9351457], [18.9356529, 49.9351511], [18.935741, 49.9351549], [18.935663, 49.9354708], [18.9355951, 49.9356886], [18.9354585, 49.9358651], [18.9353036, 49.9360178], [18.9350453, 49.9362157], [18.9348199, 49.9363532], [18.9345312, 49.9364771], [18.9342888, 49.9365893], [18.9340108, 49.9366752], [18.9339772, 49.9366349], [18.9337615, 49.9367115], [18.9336624, 49.9366028], [18.933407, 49.9363026], [18.9333072, 49.9361865], [18.933081, 49.9359187], [18.9331945, 49.9358782], [18.9332604, 49.9358547], [18.9333, 49.9358345], [18.9332764, 49.9358097], [18.9337075, 49.935678], [18.9339552, 49.9355636], [18.9340951, 49.9354562], [18.9342096, 49.9353074], [18.9343051, 49.9350752], [18.9344264, 49.9350816], [18.9344477, 49.9349218], [18.9344688, 49.9347665], [18.9343082, 49.9345711], [18.9343269, 49.9342905], [18.9342612, 49.9341016], [18.9341766, 49.9339384], [18.9341695, 49.9339005], [18.9341579, 49.9337828], [18.9340569, 49.9335758], [18.9339935, 49.9334322], [18.9339437, 49.9332537], [18.9338004, 49.9331122], [18.9336249, 49.9327839], [18.9336179, 49.9326766], [18.9335968, 49.9325617], [18.9335581, 49.9325123], [18.933498, 49.9324652], [18.93364, 49.9324369], [18.9335684, 49.9322923], [18.9334887, 49.9321356], [18.9333495, 49.9320415], [18.9333654, 49.9320185], [18.9333737, 49.9320056], [18.9333526, 49.9319709], [18.9332962, 49.931927], [18.9332329, 49.9318318], [18.9331789, 49.9317472], [18.933153, 49.9316852], [18.9331082, 49.931648], [18.9329605, 49.9316807], [18.9328455, 49.9317019], [18.9327985, 49.9317396], [18.9326952, 49.9317729], [18.932545, 49.9317971], [18.9324273, 49.9318792], [18.9318809, 49.9320746], [18.931413, 49.9322459], [18.9311523, 49.9323275], [18.9305419, 49.9323998], [18.93048, 49.9323153]]]}, "properties": {"natural": "water", "water": "river", "osm_id": 232555570, "osm_type": "way"}}, {"type": "Feature", "geometry": {"type": "Polygon", "coordinates": [[[19.0176233, 49.9452849], [19.0175257, 49.9452169], [19.0174769, 49.9451332], [19.0174606, 49.9439977], [19.0175338, 49.9439506], [19.0176802, 49.9439663], [19.0224449, 49.9446623], [19.0225425, 49.944746], [19.0228433, 49.945489], [19.0228108, 49.9455622], [19.022697, 49.9455727], [19.0220628, 49.9454419], [19.0219977, 49.945489], [19.0218514, 49.9458867], [19.0217131, 49.9458971], [19.0195096, 49.9455675], [19.0176233, 49.9452849]]]}, "properties": {"natural": "water", "water": "basin", "osm_id": 238292317, "osm_type": "way"}}, {"type": "Feature", "geometry": {"type": "Polygon", "coordinates": [[[18.989226, 49.9398447], [18.988944, 49.9398715], [18.9887237, 49.9398359], [18.9884328, 49.939767], [18.9883095, 49.9397387], [18.9882986, 49.9397042], [18.9885311, 49.9396603], [18.9893199, 49.9395323], [18.9892924, 49.9394111], [18.9891517, 49.9393219], [18.9888244, 49.9392793], [18.9887001, 49.9393184], [18.9885037, 49.9393594], [18.9883517, 49.9393186], [18.9882123, 49.9391718], [18.9882123, 49.9389761], [18.9882756, 49.9389027], [18.9885797, 49.9390739], [18.9893527, 49.9388945], [18.9895554, 49.9388048], [18.9897201, 49.9387722], [18.9903822, 49.9395348], [18.9901289, 49.9396459], [18.9897582, 49.9397243], [18.989226, 49.9398447]]]}, "properties": {"natural": "water", "water": "pond", "osm_id": 239446487, "osm_type": "way"}}, {"type": "Feature", "geometry": {"type": "Polygon", "coordinates": [[[18.9846575, 49.9415867], [18.9845331, 49.9415792], [18.9844437, 49.9415192], [18.9842999, 49.9414667], [18.9838663, 49.9414143], [18.9836509, 49.9413491], [18.9837142, 49.9411289], [18.9838156, 49.9410392], [18.9839676, 49.9410392], [18.9845378, 49.9410392], [18.9849306, 49.9411126], [18.9852211, 49.941234], [18.9852094, 49.9413116], [18.9851511, 49.9413991], [18.9850229, 49.9414942], [18.9848363, 49.9414967], [18.9846575, 49.9415867]]]}, "properties": {"natural": "water", "osm_id": 239446488, "osm_type": "way"}}, {"type": "Feature", "geometry": {"type": "Polygon", "coordinates": [[[18.9795441, 49.911643], [18.9790687, 49.9114683], [18.9784928, 49.9111708], [18.9784526, 49.9110802], [18.9785028, 49.9109249], [18.9786568, 49.9107158], [18.9786468, 49.9106684], [18.9785966, 49.910649], [18.9784961, 49.9106856], [18.9783421, 49.9109444], [18.9782952, 49.9110716], [18.9783019, 49.9111923], [18.9784961, 49.911298], [18.9788644, 49.9114834], [18.9791022, 49.9115955], [18.9792997, 49.911671], [18.9793801, 49.911699], [18.9794336, 49.9117055], [18.979504, 49.9117098], [18.9795374, 49.911699], [18.9795441, 49.911643]]]}, "properties": {"natural": "water", "osm_id": 245883139, "osm_type": "way"}}, {"type": "Feature", "geometry": {"type": "Polygon", "coordinates": [[[19.0171745, 49.906345], [19.0166324, 49.9058249], [19.0172843, 49.905537], [19.0178572, 49.9060905], [19.0171745, 49.906345]]]}, "properties": {"natural": "water", "water": "reservoir", "osm_id": 251725555, "osm_type": "way"}}, {"type": "Feature", "geometry": {"type": "Polygon", "coordinates": [[[19.0203433, 49.9262745], [19.0198833, 49.9264226], [19.0193289, 49.9265707], [19.0188806, 49.9266998], [19.0182142, 49.9267415], [19.0174121, 49.9267643], [19.0172351, 49.9267681], [19.0171585, 49.927125], [19.0171349, 49.9272579], [19.0172882, 49.9273073], [19.0191637, 49.9276186], [19.0198656, 49.9277249], [19.0200189, 49.9277135], [19.0201192, 49.9272617], [19.0202312, 49.9267947], [19.0203433, 49.9262745]]]}, "properties": {"natural": "water", "water": "pond", "osm_id": 257724811, "osm_type": "way"}}, {"type": "Feature", "geometry": {"type": "Polygon", "coordinates": [[[19.0218767, 49.925577], [19.0217474, 49.9252573], [19.0211732, 49.9253272], [19.0200817, 49.9252473], [19.0193627, 49.925194], [19.018654, 49.9252839], [19.0176866, 49.925547], [19.0172107, 49.9258154], [19.0170193, 49.9259233], [19.0167231, 49.9261829], [19.01659, 49.9262996], [19.0165604, 49.926346], [19.0164503, 49.9265694], [19.01659, 49.926666], [19.0167658, 49.9267192], [19.0173297, 49.9266826], [19.0184936, 49.926636], [19.0196058, 49.9263263], [19.0207697, 49.9259833], [19.0218767, 49.925577]]]}, "properties": {"name": "Powyżka", "natural": "water", "water": "pond", "osm_id": 257724812, "osm_type": "way"}}, {"type": "Feature", "geometry": {"type": "Polygon", "coordinates": [[[19.0170818, 49.9268403], [19.0163505, 49.92692], [19.0162266, 49.9270643], [19.0161558, 49.927125], [19.0159951, 49.927368], [19.0157592, 49.9273035], [19.0154373, 49.9278797], [19.0154776, 49.9278887], [19.0154596, 49.927931], [19.0154126, 49.9279254], [19.0150347, 49.9286317], [19.0150789, 49.9286507], [19.0150509, 49.9286905], [19.0150007, 49.928682], [19.0149114, 49.9288601], [19.0148105, 49.9290408], [19.0146837, 49.9293977], [19.014728, 49.9294138], [19.0147088, 49.9294565], [19.0146601, 49.9294499], [19.0145752, 49.9296925], [19.014615, 49.9298587], [19.0145687, 49.9298779], [19.0146401, 49.930094], [19.0147867, 49.9304634], [19.0148465, 49.9306142], [19.0151473, 49.9309027], [19.0154186, 49.9312102], [19.0155896, 49.9314988], [19.0156958, 49.93173], [19.0157489, 49.9317737], [19.0158934, 49.9318211], [19.0162797, 49.9318933], [19.0171732, 49.9321002], [19.0175359, 49.9321856], [19.0181405, 49.9323336], [19.0184236, 49.9323716], [19.018745, 49.9323393], [19.0190369, 49.9322748], [19.0192654, 49.9321726], [19.0194055, 49.9320489], [19.0197122, 49.9318135], [19.0203551, 49.9312384], [19.0206504, 49.9309437], [19.0214963, 49.9300994], [19.0214727, 49.9300444], [19.0214374, 49.930014], [19.0198095, 49.9294046], [19.0196916, 49.929342], [19.0196827, 49.9292755], [19.019783, 49.9288655], [19.020016, 49.9280739], [19.020072, 49.9278575], [19.0198774, 49.927848], [19.0196827, 49.9278328], [19.0193731, 49.9277702], [19.0188276, 49.9276619], [19.0179547, 49.9274816], [19.017415, 49.9273867], [19.0170936, 49.9273297], [19.0170081, 49.9272861], [19.0170818, 49.9268403]]]}, "properties": {"name": "Błażkowiec", "natural": "water", "water": "pond", "osm_id": 257724815, "osm_type": "way"}}, {"type": "Feature", "geometry": {"type": "Polygon", "coordinates": [[[19.0226149, 49.9288247], [19.0203383, 49.9277427], [19.0202558, 49.9277768], [19.0198311, 49.9291892], [19.0198134, 49.9292689], [19.0208396, 49.9296942], [19.0215651, 49.9299751], [19.0226149, 49.9288247]]]}, "properties": {"natural": "water", "water": "pond", "osm_id": 257724816, "osm_type": "way"}}, {"type": "Feature", "geometry": {"type": "Polygon", "coordinates": [[[19.0103224, 49.9072628], [19.0103432, 49.9072713], [19.0103643, 49.9072705], [19.0106576, 49.9071541], [19.0106903, 49.907138], [19.0107051, 49.9071212], [19.0106993, 49.9071017], [19.0102917, 49.9066662], [19.0102509, 49.9066552], [19.0102168, 49.9066614], [19.0099182, 49.9067671], [19.0099069, 49.9068088], [19.0103224, 49.9072628]]]}, "properties": {"emergency": "water_tank", "natural": "water", "water": "reservoir", "osm_id": 257741889, "osm_type": "way"}}, {"type": "Feature", "geometry": {"type": "Polygon", "coordinates": [[[19.0108814, 49.9073931], [19.01131, 49.9078645], [19.0106164, 49.9081305], [19.0101204, 49.9076861], [19.0108814, 49.9073931]]]}, "properties": {"emergency": "water_tank", "natural": "water", "water": "reservoir", "osm_id": 257741890, "osm_type": "way"}}, {"type": "Feature", "geometry": {"type": "Polygon", "coordinates": [[[19.0192902, 49.9096105], [19.0198425, 49.9093299], [19.0199289, 49.9093095], [19.0200261, 49.9093193], [19.0201272, 49.9093656], [19.0204495, 49.9096866], [19.0202306, 49.9097804], [19.0201526, 49.9097731], [19.0198221, 49.9097915], [19.0197218, 49.9097911], [19.0195761, 49.9097769], [19.0194439, 49.9097577], [19.0193043, 49.9097233], [19.019263, 49.9096959], [19.0192458, 49.9096686], [19.0192537, 49.9096402], [19.0192902, 49.9096105]]]}, "properties": {"natural": "water", "water": "reservoir", "osm_id": 257743364, "osm_type": "way"}}, {"type": "Feature", "geometry": {"type": "Polygon", "coordinates": [[[18.9842028, 49.9242165], [18.9841388, 49.9241616], [18.9840411, 49.9241191], [18.9839266, 49.9241006], [18.9838093, 49.9241084], [18.9837031, 49.9241415], [18.9836209, 49.924196], [18.9835725, 49.9242653], [18.9835639, 49.924341], [18.9835959, 49.9244141], [18.9836648, 49.9244758], [18.9837518, 49.9245154], [18.9838535, 49.9245357], [18.9839601, 49.9245348], [18.984061, 49.9245127], [18.9841463, 49.9244716], [18.9842076, 49.9244155], [18.984239, 49.92435], [18.9842374, 49.9242814], [18.9842028, 49.9242165]]]}, "properties": {"natural": "water", "water": "wastewater", "osm_id": 257906998, "osm_type": "way"}}, {"type": "Feature", "geometry": {"type": "Polygon", "coordinates": [[[18.9842855, 49.924682], [18.9842368, 49.9246566], [18.9841452, 49.9246291], [18.9840445, 49.9246199], [18.9839231, 49.9246357], [18.9838061, 49.9246861], [18.9837415, 49.9247466], [18.9837099, 49.9248417], [18.9837325, 49.9249312], [18.9838124, 49.9249956], [18.9839132, 49.9250437], [18.9840534, 49.9250577], [18.9840865, 49.9250564], [18.98419, 49.9250437], [18.9842918, 49.9249916], [18.9843571, 49.9249306], [18.984388, 49.9248359], [18.9843571, 49.9247555], [18.9842855, 49.924682]]]}, "properties": {"natural": "water", "water": "wastewater", "osm_id": 257906999, "osm_type": "way"}}, {"type": "Feature", "geometry": {"type": "Polygon", "coordinates": [[[18.9848037, 49.9240765], [18.9851852, 49.9240345], [18.9851675, 49.9239676], [18.9847859, 49.9240097], [18.9848037, 49.9240765]]]}, "properties": {"intermittent": "yes", "natural": "water", "source:geometry": "geoportal.gov.pl:ortofoto", "water": "basin", "osm_id": 257907002, "osm_type": "way"}}, {"type": "Feature", "geometry": {"type": "Polygon", "coordinates": [[[18.9849393, 49.9243881], [18.9853299, 49.9243401], [18.9852497, 49.9240696], [18.9848591, 49.9241176], [18.9849393, 49.9243881]]]}, "properties": {"natural": "water", "source:geometry": "geoportal.gov.pl:ortofoto", "water": "basin", "osm_id": 257907003, "osm_type": "way"}}, {"type": "Feature", "geometry": {"type": "Polygon", "coordinates": [[[18.9845397, 49.9244349], [18.9848703, 49.9243969], [18.9847923, 49.9241161], [18.9844617, 49.9241542], [18.9845397, 49.9244349]]]}, "properties": {"natural": "water", "source:geometry": "geoportal.gov.pl:ortofoto", "water": "basin", "osm_id": 257907004, "osm_type": "way"}}, {"type": "Feature", "geometry": {"type": "Polygon", "coordinates": [[[18.9288257, 49.9294395], [18.9287353, 49.9294043], [18.9286657, 49.9293183], [18.9286714, 49.9292481], [18.9288134, 49.9292085], [18.9289139, 49.9291805], [18.9292622, 49.9290833], [18.9304582, 49.9286973], [18.9306058, 49.9286497], [18.9306472, 49.9286472], [18.9306849, 49.9286812], [18.9307281, 49.9286884], [18.9307658, 49.9287587], [18.9307432, 49.928772], [18.9301335, 49.9289961], [18.9292585, 49.9292917], [18.9288257, 49.9294395]]]}, "properties": {"fixme": "watertype? waterway?", "natural": "water", "osm_id": 257914641, "osm_type": "way"}}, {"type": "Feature", "geometry": {"type": "Polygon", "coordinates": [[[18.9507555, 49.9491779], [18.9507234, 49.9491753], [18.9506927, 49.9491581], [18.9506907, 49.9490716], [18.9507488, 49.9490265], [18.950783, 49.9490052], [18.9508163, 49.9489895], [18.9508284, 49.9489529], [18.9508618, 49.9489353], [18.9509119, 49.9489392], [18.950944, 49.9489546], [18.9509554, 49.9489787], [18.9509333, 49.9490015], [18.9508925, 49.9490205], [18.9508324, 49.9490196], [18.9508127, 49.9490302], [18.9507916, 49.9490424], [18.9508043, 49.9491142], [18.9508023, 49.9491499], [18.9507555, 49.9491779]]]}, "properties": {"natural": "water", "water": "basin", "osm_id": 299448962, "osm_type": "way"}}, {"type": "Feature", "geometry": {"type": "Polygon", "coordinates": [[[18.9519707, 49.946509], [18.951944, 49.9464832], [18.9519119, 49.946472], [18.9518263, 49.9464797], [18.9517568, 49.9464746], [18.9516485, 49.9465159], [18.9516338, 49.9465666], [18.9516151, 49.9466002], [18.9515686, 49.9467438], [18.9515521, 49.9468566], [18.9515068, 49.9468875], [18.9514597, 49.9469443], [18.9514419, 49.9469844], [18.951451, 49.9470122], [18.9514789, 49.9470334], [18.9515279, 49.9470349], [18.9515687, 49.9470218], [18.9516258, 49.9469804], [18.9516753, 49.9469099], [18.9517114, 49.9468815], [18.9518605, 49.9466288], [18.9518771, 49.946601], [18.9519092, 49.9465855], [18.9519306, 49.9465563], [18.9519653, 49.9465313], [18.9519707, 49.946509]]]}, "properties": {"natural": "water", "water": "reservoir", "osm_id": 299448963, "osm_type": "way"}}, {"type": "Feature", "geometry": {"type": "Polygon", "coordinates": [[[19.0134263, 49.9102373], [19.013548, 49.9101912], [19.0133842, 49.9100119], [19.0132625, 49.9100579], [19.0134263, 49.9102373]]]}, "properties": {"emergency": "water_tank", "natural": "water", "water": "reservoir", "osm_id": 302722541, "osm_type": "way"}}, {"type": "Feature", "geometry": {"type": "Polygon", "coordinates": [[[19.016169, 49.90535], [19.0161766, 49.9053757], [19.0161713, 49.9053991], [19.016155, 49.9054202], [19.0161294, 49.9054371], [19.016097, 49.9054481], [19.0160608, 49.9054521], [19.0160246, 49.9054487], [19.0159917, 49.9054382], [19.0159655, 49.9054217], [19.0159485, 49.9054008], [19.0159423, 49.9053775], [19.0159489, 49.9053517], [19.0159688, 49.9053288], [19.0159997, 49.9053117], [19.0160377, 49.9053025], [19.0160784, 49.9053022], [19.0161168, 49.9053108], [19.0161483, 49.9053274], [19.016169, 49.90535]]]}, "properties": {"building": "industrial", "natural": "water", "water": "wastewater", "osm_id": 302725306, "osm_type": "way"}}, {"type": "Feature", "geometry": {"type": "Polygon", "coordinates": [[[19.0164347, 49.9056041], [19.0164423, 49.9056298], [19.0164371, 49.9056531], [19.0164209, 49.9056742], [19.0163954, 49.9056911], [19.0163631, 49.9057021], [19.0163271, 49.9057061], [19.0162909, 49.9057027], [19.0162581, 49.9056923], [19.0162319, 49.9056758], [19.0162149, 49.905655], [19.0162087, 49.9056318], [19.0162152, 49.905606], [19.016235, 49.9055832], [19.0162658, 49.9055662], [19.0163037, 49.9055569], [19.0163443, 49.9055566], [19.0163825, 49.9055652], [19.016414, 49.9055817], [19.0164347, 49.9056041]]]}, "properties": {"building": "industrial", "natural": "water", "water": "wastewater", "osm_id": 302725308, "osm_type": "way"}}, {"type": "Feature", "geometry": {"type": "Polygon", "coordinates": [[[18.982154, 49.9256917], [18.9822285, 49.925757], [18.9823309, 49.9258108], [18.9823601, 49.9258323], [18.9823872, 49.9258578], [18.9824683, 49.9259597], [18.9825898, 49.9260313], [18.982759, 49.9261805], [18.9827924, 49.9262007], [18.9828196, 49.9262222], [18.9828425, 49.9262464], [18.9828822, 49.9262962], [18.9829783, 49.9264588], [18.9830994, 49.9265852], [18.9831746, 49.9266363], [18.9831955, 49.9266605], [18.9832101, 49.9266888], [18.983208, 49.9267237], [18.9831976, 49.9267519], [18.9831746, 49.9267775], [18.9831663, 49.9268057], [18.9831642, 49.9269563], [18.9831579, 49.9269845], [18.9831287, 49.9271365], [18.9831141, 49.9271956], [18.9830577, 49.9273637], [18.9830932, 49.9274148], [18.983041, 49.9274632], [18.9830368, 49.9275533], [18.9830075, 49.9276541], [18.9829908, 49.9278746], [18.9830013, 49.9279311], [18.982972, 49.9280171], [18.9829762, 49.9282618], [18.9829637, 49.9283506], [18.9829637, 49.9284406], [18.982995, 49.928528], [18.9829971, 49.9286517], [18.983018, 49.9287525], [18.9830013, 49.9289327], [18.9829846, 49.9290013], [18.9829679, 49.9291088], [18.9829658, 49.9291384], [18.9829658, 49.9293226], [18.9829762, 49.9294181], [18.9830389, 49.9295606], [18.9830389, 49.9296238], [18.9830472, 49.9296533], [18.9831057, 49.9297663], [18.9831224, 49.9297945], [18.9831412, 49.9298214], [18.983183, 49.9298711], [18.9833229, 49.930019], [18.9834921, 49.9301602], [18.9835255, 49.9301803], [18.983774, 49.9302987], [18.983797, 49.9303229], [18.9838534, 49.9303659], [18.9838868, 49.9303834], [18.9839244, 49.9303941], [18.9840288, 49.9304479], [18.9841145, 49.9305151], [18.9842398, 49.9305716], [18.9843066, 49.9306173], [18.9843223, 49.9306309], [18.9843421, 49.9306482], [18.9844258, 49.9306585], [18.9845426, 49.9307652], [18.9846475, 49.9307974], [18.9846728, 49.9308256], [18.984788, 49.9308982], [18.984864, 49.9309605], [18.9849952, 49.9310554], [18.9850298, 49.9310761], [18.9851127, 49.9311058], [18.9851519, 49.9311265], [18.985214, 49.9311769], [18.9854167, 49.9313059], [18.9854443, 49.9313311], [18.985518, 49.9313741], [18.9855503, 49.9313978], [18.9856309, 49.9314779], [18.9856659, 49.9314985], [18.9857391, 49.9315416], [18.985799, 49.9315891], [18.9858382, 49.9316259], [18.9858543, 49.931641], [18.9858773, 49.9316691], [18.985974, 49.9318144], [18.9861076, 49.9319286], [18.9861767, 49.9320131], [18.9863425, 49.9321747], [18.9864162, 49.9322562], [18.9867548, 49.9327602], [18.986962, 49.9332405], [18.9870634, 49.933408], [18.9871071, 49.9334718], [18.9871371, 49.9335177], [18.987144, 49.9335281], [18.9871601, 49.9335504], [18.9873295, 49.933786], [18.9873743, 49.9338483], [18.9873996, 49.9338676], [18.9874227, 49.9338854], [18.9874549, 49.9339047], [18.9874894, 49.9339373], [18.9875378, 49.9339951], [18.9875539, 49.9340114], [18.9878211, 49.93421], [18.9878971, 49.9342812], [18.9879961, 49.9343553], [18.9880583, 49.9344072], [18.9887515, 49.9348223], [18.9893319, 49.9351543], [18.9897372, 49.9354004], [18.9897741, 49.9354196], [18.9898086, 49.9354448], [18.9900781, 49.9355857], [18.9902692, 49.9357339], [18.9903061, 49.9357547], [18.9905917, 49.9358658], [18.9908957, 49.9360126], [18.9909648, 49.9360971], [18.9910269, 49.9361475], [18.9910592, 49.9361712], [18.9912112, 49.9362527], [18.9912457, 49.9362764], [18.991278, 49.9363061], [18.9913425, 49.9363535], [18.9914461, 49.9364454], [18.9914921, 49.936481], [18.991529, 49.9365032], [18.9915658, 49.936521], [18.9916534, 49.9365536], [18.9917317, 49.9365922], [18.9917685, 49.9366129], [18.9918307, 49.9366589], [18.9919919, 49.9367434], [18.9920518, 49.9367938], [18.9920886, 49.936816], [18.9921715, 49.9368531], [18.9924456, 49.9369983], [18.9925907, 49.9371347], [18.9926897, 49.9372044], [18.9927957, 49.9372696], [18.9929891, 49.9374119], [18.9930283, 49.9374327], [18.9931503, 49.9374816], [18.9932586, 49.9375453], [18.9933484, 49.9375779], [18.9936547, 49.9377128], [18.9939034, 49.9377988], [18.9940209, 49.9378447], [18.9941591, 49.9378818], [18.9942973, 49.9379085], [18.994341, 49.9379188], [18.9944262, 49.937944], [18.9944723, 49.9379515], [18.9945921, 49.9379915], [18.9946335, 49.9380033], [18.9946796, 49.9380107], [18.9947533, 49.9380019], [18.9948984, 49.9379944], [18.9949974, 49.9379841], [18.9950918, 49.9379855], [18.9951885, 49.9380033], [18.9952369, 49.9380078], [18.9953774, 49.9380093], [18.9954718, 49.9380167], [18.9955547, 49.9380434], [18.9957206, 49.9380537], [18.995762, 49.9380404], [18.9958541, 49.9380434], [18.9959509, 49.938033], [18.9960384, 49.9380152], [18.9961743, 49.9379974], [18.9963101, 49.937987], [18.9964437, 49.937993], [18.9964852, 49.9379826], [18.9965773, 49.9379781], [18.9967155, 49.9379974], [18.996902, 49.9379989], [18.9972198, 49.9380315], [18.9973143, 49.9380374], [18.9975284, 49.9381145], [18.9977611, 49.9381501], [18.9979131, 49.9381664], [18.9980075, 49.938196], [18.998194, 49.9382301], [18.9982723, 49.9382657], [18.9983023, 49.9382924], [18.9983161, 49.938322], [18.9983506, 49.9383457], [18.9984013, 49.9383576], [18.9985948, 49.9383858], [18.9986408, 49.9383798], [18.9986869, 49.9383902], [18.9987214, 49.9384154], [18.998802, 49.9384525], [18.9989632, 49.9385132], [18.9992857, 49.938657], [18.9996449, 49.9388393], [18.9999766, 49.9390113], [19.0001585, 49.9391165], [19.0003359, 49.939244], [19.0004418, 49.9393003], [19.0006836, 49.9394426], [19.0009162, 49.9396175], [19.0010176, 49.9396738], [19.0012064, 49.9397998], [19.0012433, 49.939825], [19.0014022, 49.9399466], [19.0014321, 49.9399718], [19.0015818, 49.9401541], [19.0017292, 49.9403616], [19.0018789, 49.9406995], [19.0019802, 49.940953], [19.0020493, 49.9410938], [19.0021691, 49.9412331], [19.0022681, 49.9413695], [19.0024293, 49.9415962], [19.0025491, 49.9417059], [19.0027587, 49.9418556], [19.0030327, 49.9420083], [19.0030627, 49.942035], [19.0030995, 49.9420557], [19.0037513, 49.9423566], [19.0040254, 49.9424307], [19.0044883, 49.9425848], [19.0049949, 49.9427642], [19.005322, 49.9428679], [19.0054694, 49.9429139], [19.0057711, 49.943031], [19.0062109, 49.9432177], [19.0064436, 49.9433141], [19.0065886, 49.9433674], [19.0066508, 49.9433941], [19.0066992, 49.9434148], [19.0067706, 49.9434445], [19.0068282, 49.9434682], [19.0068996, 49.9434978], [19.0070269, 49.9435497], [19.0076595, 49.9438076], [19.0080373, 49.9439617], [19.0085444, 49.9441483], [19.0095158, 49.9445057], [19.0097669, 49.944599], [19.0098889, 49.944639], [19.0099718, 49.9446746], [19.0100271, 49.9446924], [19.0100755, 49.9447087], [19.0101146, 49.9447235], [19.0102712, 49.9447932], [19.0108378, 49.9449962], [19.0113491, 49.9451993], [19.0114251, 49.9452452], [19.011554, 49.9452852], [19.0116323, 49.9453178], [19.0119409, 49.9454038], [19.0121137, 49.9454512], [19.0121551, 49.945466], [19.0122265, 49.9455075], [19.0123601, 49.9455579], [19.0125582, 49.9456424], [19.0126434, 49.9456676], [19.0127088, 49.945691], [19.0128092, 49.9457269], [19.0129934, 49.9457639], [19.0131201, 49.9458114], [19.0131984, 49.9458484], [19.0132445, 49.9458529], [19.0132882, 49.9458736], [19.0134126, 49.9459181], [19.0134886, 49.9459536], [19.0136475, 49.9460144], [19.013917, 49.9461374], [19.0142831, 49.9462041], [19.0145641, 49.9462989], [19.0148059, 49.9463597], [19.0149925, 49.9464249], [19.0150385, 49.9464605], [19.0150708, 49.9464842], [19.015103, 49.9465079], [19.015133, 49.9465242], [19.0152596, 49.9466176], [19.0152919, 49.9466428], [19.0153287, 49.9466606], [19.0155107, 49.946708], [19.015635, 49.9467524], [19.0156811, 49.9467658], [19.0157248, 49.9467776], [19.0157686, 49.946788], [19.0162799, 49.9468843], [19.0166184, 49.9469733], [19.0167059, 49.9469985], [19.0169293, 49.9470548], [19.0169731, 49.9470637], [19.0171205, 49.9470933], [19.0172587, 49.94712], [19.0173485, 49.9471363], [19.0173946, 49.9471437], [19.0176272, 49.9471807], [19.0178367, 49.9471852], [19.0181108, 49.9471926], [19.018196, 49.9471807], [19.0182997, 49.9471778], [19.0184033, 49.9471733], [19.0184678, 49.9471689], [19.0185645, 49.9471615], [19.0186313, 49.9471585], [19.0189537, 49.9471363], [19.0192209, 49.9470755], [19.0194696, 49.9470474], [19.0198473, 49.9470133], [19.0201582, 49.9470073], [19.0208376, 49.9470222], [19.0211393, 49.9470059], [19.0213282, 49.9470207], [19.0214203, 49.9470222], [19.0215331, 49.9470162], [19.0216322, 49.9470044], [19.0217266, 49.9469985], [19.0221481, 49.9469985], [19.0222862, 49.9470118], [19.0224106, 49.9470044], [19.0226018, 49.9470355], [19.0226939, 49.9470548], [19.0230601, 49.9470918], [19.0232029, 49.9471155], [19.0233433, 49.9471274], [19.0234769, 49.9471304], [19.0240573, 49.9471926], [19.0241494, 49.9471926], [19.0241955, 49.9471985], [19.0243337, 49.9472296], [19.0243797, 49.9472341], [19.024435, 49.94724], [19.0245271, 49.9472459], [19.0246814, 49.9472711], [19.0250015, 49.9472993], [19.0252387, 49.9473275], [19.0256948, 49.9474208], [19.0258744, 49.9474534], [19.0259688, 49.9474653], [19.0260685, 49.9474612], [19.0265555, 49.9476016], [19.0265768, 49.9476446], [19.0266114, 49.9476668], [19.0267357, 49.9477098], [19.0268532, 49.9477661], [19.0268946, 49.9477809], [19.0270674, 49.9478254], [19.0271871, 49.9478758], [19.0272309, 49.9478876], [19.0275257, 49.9479988], [19.0277376, 49.948067], [19.0278251, 49.9481025], [19.0278965, 49.9481485], [19.0280185, 49.9481959], [19.0280922, 49.9482374], [19.028265, 49.9483056], [19.0283087, 49.9483085], [19.0283548, 49.9483174], [19.0284008, 49.9483278], [19.0284446, 49.9483396], [19.0284861, 49.9483545], [19.0285275, 49.9483723], [19.0285667, 49.948393], [19.0286357, 49.9484434], [19.0287901, 49.9485204], [19.0289144, 49.9485679], [19.0293935, 49.9487872], [19.0294695, 49.9488317], [19.0295639, 49.9489043], [19.0295869, 49.9489309], [19.0297827, 49.9490125], [19.0298172, 49.9490347], [19.0299347, 49.949094], [19.0299669, 49.9491177], [19.0300245, 49.949174], [19.0301373, 49.9492392], [19.0302041, 49.9492851], [19.0307108, 49.9496601], [19.0308283, 49.9497238], [19.0309066, 49.9497593], [19.0309526, 49.9497905], [19.0311438, 49.9498986], [19.0312359, 49.9499742], [19.0314132, 49.9501343], [19.0315215, 49.9502054], [19.0315767, 49.950235], [19.0318393, 49.9504247], [19.0319061, 49.9504677], [19.0319406, 49.9504884], [19.0320604, 49.9505448], [19.0320995, 49.950567], [19.0322423, 49.9506515], [19.0322746, 49.9506737], [19.0326408, 49.9509478], [19.0326707, 49.9509745], [19.0327928, 49.951056], [19.0328826, 49.951136], [19.0329816, 49.9512368], [19.0330185, 49.951259], [19.0331866, 49.9513376], [19.0334008, 49.9514665], [19.0334583, 49.9515154], [19.033532, 49.9515673], [19.0337048, 49.9516502], [19.0338476, 49.9517584], [19.0339926, 49.9518399], [19.0341446, 49.951917], [19.0341838, 49.9519348], [19.0342345, 49.951957], [19.0344717, 49.9520533], [19.0345131, 49.9520696], [19.0346421, 49.9521096], [19.0347849, 49.9521333], [19.0349162, 49.9521807], [19.0350544, 49.9522104], [19.0351419, 49.9522371], [19.0351879, 49.9522474], [19.035234, 49.9522563], [19.0354228, 49.9522741], [19.0355173, 49.9522889], [19.0356554, 49.9523037], [19.035842, 49.9523334], [19.0362727, 49.9523689], [19.0363625, 49.9523675], [19.0364362, 49.9523778], [19.0364799, 49.9523823], [19.036579, 49.9523912], [19.036625, 49.9523926], [19.0367724, 49.9523926], [19.0370096, 49.95236], [19.0371985, 49.9523586], [19.0372446, 49.9523541], [19.037339, 49.9523408], [19.0379447, 49.952283], [19.0380345, 49.9522682], [19.0388613, 49.9521659], [19.0390524, 49.9521659], [19.0391607, 49.9521748], [19.0393058, 49.9521763], [19.0396351, 49.9521496], [19.0397779, 49.9521422], [19.03987, 49.9521422], [19.0399691, 49.9521556], [19.0400681, 49.9521585], [19.0402086, 49.9521733], [19.0403974, 49.952197], [19.0404872, 49.9522356], [19.0406723, 49.9522655], [19.040716, 49.9522714], [19.040997, 49.9523218], [19.0412181, 49.9523826], [19.0413148, 49.9524048], [19.0415474, 49.9524389], [19.0418376, 49.9524685], [19.0420979, 49.9525278], [19.0421923, 49.9525411], [19.0423305, 49.9525678], [19.0423788, 49.9525797], [19.0425055, 49.9526256], [19.0426368, 49.9526612], [19.0428026, 49.9527219], [19.0429385, 49.9527605], [19.0430766, 49.9527901], [19.0432102, 49.9528257], [19.0433874, 49.9528782], [19.0435303, 49.9529205], [19.043908, 49.9530405], [19.0443387, 49.953205], [19.0447233, 49.9533621], [19.0449191, 49.9534599], [19.045154, 49.9535843], [19.0455218, 49.9537587], [19.0457666, 49.9538748], [19.0461927, 49.9540822], [19.0464161, 49.9541815], [19.0466372, 49.9542734], [19.0468721, 49.9543993], [19.0469089, 49.954423], [19.0469826, 49.9544586], [19.0472636, 49.9545845], [19.0473972, 49.9546334], [19.0474363, 49.9546497], [19.047563, 49.9547105], [19.0477634, 49.954789], [19.047844, 49.9548231], [19.0484082, 49.9550661], [19.0489057, 49.9552839], [19.0490738, 49.955361], [19.0496357, 49.9555521], [19.0498453, 49.9556203], [19.0499766, 49.9556514], [19.0500825, 49.9556751], [19.0501723, 49.9556929], [19.0502184, 49.9557003], [19.0503082, 49.9557092], [19.0503589, 49.9557107], [19.0506053, 49.9557107], [19.0507412, 49.9557225], [19.0508425, 49.9557077], [19.0509324, 49.9557003], [19.0509784, 49.9556944], [19.0510613, 49.9556559], [19.0511534, 49.9556381], [19.0514298, 49.9556099], [19.0515726, 49.955607], [19.0516693, 49.9555981], [19.051948, 49.9555521], [19.052123, 49.9555106], [19.0522152, 49.9554958], [19.0523533, 49.955484], [19.0524478, 49.9554677], [19.0525929, 49.9554529], [19.0526619, 49.9554425], [19.052708, 49.9554351], [19.052936, 49.9554129], [19.053035, 49.9553847], [19.0530834, 49.9553788], [19.0531732, 49.9553714], [19.0532653, 49.9553684], [19.0533114, 49.9553773], [19.0534104, 49.9553877], [19.0535993, 49.9553877], [19.0537835, 49.9553714], [19.0542511, 49.9553758], [19.0544491, 49.9553788], [19.0545389, 49.9553966], [19.0546334, 49.9554069], [19.0549719, 49.9554114], [19.0551538, 49.955438], [19.0553427, 49.9554454], [19.0554878, 49.9554588], [19.0556882, 49.9554632], [19.0559069, 49.9554869], [19.0559507, 49.9554914], [19.0562225, 49.9554914], [19.0565126, 49.9554973], [19.0571967, 49.9554973], [19.057275, 49.9554914], [19.0574177, 49.9554706], [19.0576158, 49.9554603], [19.0576619, 49.9554588], [19.0577079, 49.9554588], [19.0578507, 49.9554736], [19.0579474, 49.9554736], [19.0582008, 49.9554454], [19.0582906, 49.9554247], [19.0584127, 49.9553817], [19.0585624, 49.9553654], [19.058613, 49.9553565], [19.0587719, 49.9553254], [19.0588572, 49.9553047], [19.0589424, 49.955281], [19.0590276, 49.9552558], [19.0592487, 49.9551817], [19.0593339, 49.9551506], [19.0594168, 49.9551254], [19.0594997, 49.9551017], [19.0596955, 49.9550513], [19.059783, 49.9550217], [19.0600225, 49.9549239], [19.0600639, 49.9549046], [19.0601129, 49.9548783], [19.060133, 49.9548661], [19.0601676, 49.9548453], [19.0601929, 49.9548216], [19.0602275, 49.9547994], [19.0602989, 49.9547609], [19.060338, 49.9547075], [19.060391, 49.9546557], [19.0605775, 49.9544453], [19.0606006, 49.9544186], [19.0606535, 49.954306], [19.0607595, 49.95414], [19.0607733, 49.9540837], [19.0608263, 49.9539726], [19.0608401, 49.9539148], [19.0608631, 49.9538585], [19.0610128, 49.9536347], [19.0611924, 49.9534673], [19.0612892, 49.9534036], [19.0613652, 49.9533739], [19.0613997, 49.9533547], [19.0614734, 49.9532806], [19.0615057, 49.9532524], [19.0615333, 49.9532302], [19.0615678, 49.9532109], [19.0616438, 49.9531739], [19.0616807, 49.9531576], [19.0617198, 49.9531413], [19.0617613, 49.9531279], [19.0619386, 49.9530865], [19.0622058, 49.9530331], [19.0625466, 49.9529575], [19.0628138, 49.9528805], [19.0628967, 49.9528612], [19.0632191, 49.9528005], [19.0633089, 49.9527886], [19.0633596, 49.9527827], [19.0634494, 49.9527797], [19.0635439, 49.9527693], [19.0636176, 49.9527649], [19.0637557, 49.9527649], [19.0640759, 49.9528034], [19.0641219, 49.9528079], [19.0642302, 49.9528079], [19.0642785, 49.9528123], [19.0644397, 49.9528523], [19.0646424, 49.9528894], [19.0648566, 49.9529709], [19.0649395, 49.9529961], [19.0651698, 49.953082], [19.0652113, 49.9530983], [19.0653011, 49.9531383], [19.0659828, 49.9534702], [19.066349, 49.9535962], [19.0666023, 49.9536733], [19.0668533, 49.9537592], [19.0671689, 49.9538422], [19.0672909, 49.9538911], [19.0673853, 49.9539163], [19.067489, 49.9539518], [19.067535, 49.9539592], [19.0676709, 49.9539726], [19.067717, 49.9539755], [19.068074, 49.9539829], [19.0682974, 49.9539415], [19.0683411, 49.9539326], [19.0683826, 49.9539207], [19.0685069, 49.9538837], [19.0685576, 49.9538674], [19.0685968, 49.9538496], [19.0687119, 49.9537918], [19.0688363, 49.9537547], [19.0690712, 49.953657], [19.0691587, 49.9536273], [19.0692946, 49.9536006], [19.0694622, 49.9535622], [19.0695272, 49.9535473], [19.0695755, 49.9535384], [19.0697506, 49.9535117], [19.0697943, 49.9535043], [19.0699809, 49.9534954], [19.0702181, 49.9534925], [19.0703102, 49.9535028], [19.0704046, 49.9535028], [19.0704968, 49.9535103], [19.0707939, 49.9535206], [19.0708883, 49.9535369], [19.0709343, 49.9535399], [19.0709827, 49.9535414], [19.071213, 49.9535414], [19.0713904, 49.9535088], [19.0714364, 49.9535088], [19.0714825, 49.9534999], [19.0715239, 49.953491], [19.0715654, 49.9534806], [19.0718026, 49.9533769], [19.071927, 49.953328], [19.0721365, 49.9532702], [19.0723162, 49.9532139], [19.0725119, 49.9531354], [19.0725511, 49.9531176], [19.0729426, 49.9528834], [19.0729795, 49.9528627], [19.0731315, 49.9528034], [19.0732535, 49.9527619], [19.0732973, 49.9527501], [19.0733456, 49.9527442], [19.0737579, 49.9527101], [19.0740366, 49.9527101], [19.0742162, 49.9527308], [19.0743083, 49.9527338], [19.0744327, 49.9527723], [19.0745248, 49.9527901], [19.0747298, 49.952879], [19.0747712, 49.9528938], [19.074815, 49.9529072], [19.0748634, 49.9529205], [19.075066, 49.9529679], [19.0751604, 49.9529857], [19.0752756, 49.9530405], [19.0753424, 49.9530865], [19.0755474, 49.9531605], [19.0756671, 49.9532154], [19.07616, 49.9533769], [19.0762083, 49.9533873], [19.0763719, 49.9534732], [19.076464, 49.9534925], [19.0765054, 49.9535073], [19.0766712, 49.9535769], [19.0767956, 49.9536214], [19.0769154, 49.9536733], [19.0770029, 49.9537029], [19.0770536, 49.9537147], [19.0771457, 49.9537296], [19.0773322, 49.953734], [19.0773783, 49.9537414], [19.0774658, 49.9537651], [19.0775119, 49.9537696], [19.0776477, 49.9537696], [19.0777122, 49.9537607], [19.077756, 49.9537473], [19.0778043, 49.9537399], [19.0778481, 49.9537384], [19.0782912, 49.9537401], [19.0784054, 49.9537414], [19.0784953, 49.9537251], [19.0785413, 49.9537236], [19.0786334, 49.9537355], [19.0789605, 49.953731], [19.0790065, 49.9537384], [19.0790895, 49.9537696], [19.0791908, 49.9538362], [19.0792438, 49.9538644], [19.0793198, 49.9539044], [19.0793888, 49.9539518], [19.0794142, 49.9539785], [19.0794234, 49.9540096], [19.0794718, 49.954063], [19.0795017, 49.9540867], [19.0795362, 49.9541089], [19.0796537, 49.9541578], [19.0796905, 49.9541785], [19.0798011, 49.9542423], [19.0799001, 49.9543163], [19.0800153, 49.9543712], [19.0801235, 49.9544334], [19.0801558, 49.9544571], [19.0802041, 49.9545179], [19.0803976, 49.9546299], [19.0804344, 49.9546492], [19.0806095, 49.9547647], [19.0806463, 49.954784], [19.0807707, 49.9548403], [19.0809342, 49.9548996], [19.0810148, 49.9549366], [19.0811829, 49.9549974], [19.0813603, 49.9550374], [19.0814478, 49.9550655], [19.0815883, 49.9550937], [19.0817172, 49.9551292], [19.0817978, 49.9551618], [19.0818877, 49.9551856], [19.0819775, 49.9551959], [19.0821157, 49.9552196], [19.0822446, 49.955233], [19.0822884, 49.9552359], [19.0824266, 49.9552582], [19.0826108, 49.9552626], [19.0829286, 49.9553322], [19.0830553, 49.9553723], [19.0831751, 49.9554182], [19.0832948, 49.955476], [19.0834583, 49.9555412], [19.083767, 49.9557027], [19.0838591, 49.9557279], [19.0838982, 49.9557427], [19.0839351, 49.9557634], [19.0839927, 49.9558153], [19.0841424, 49.9558983], [19.0841723, 49.955922], [19.0841884, 49.9559531], [19.0841953, 49.9559857], [19.0841976, 49.9560835], [19.0841677, 49.9561442], [19.0841608, 49.9561754], [19.0841539, 49.9565458], [19.0841354, 49.9566406], [19.0841354, 49.9566717], [19.0841424, 49.9567043], [19.0841608, 49.956771], [19.0841769, 49.9568036], [19.0841976, 49.9568332], [19.0842391, 49.9568895], [19.0842851, 49.9569429], [19.0843128, 49.9569681], [19.0843427, 49.9569933], [19.084375, 49.957017], [19.0844095, 49.9570392], [19.0844878, 49.9570777], [19.0845293, 49.957094], [19.0845707, 49.9571088], [19.0846605, 49.9571325], [19.0847066, 49.9571414], [19.084755, 49.9571444], [19.0848517, 49.9571488], [19.0849968, 49.9571503], [19.0850889, 49.9571414], [19.085135, 49.9571325], [19.0852248, 49.9571266], [19.0853538, 49.9571651], [19.0853998, 49.9571651], [19.0854436, 49.9571637], [19.0855403, 49.9571488], [19.0856416, 49.9571399], [19.0857315, 49.9571429], [19.0857775, 49.9571503], [19.0859111, 49.9571859], [19.0861483, 49.9572318], [19.0861967, 49.9572437], [19.0862381, 49.957257], [19.0862796, 49.9572718], [19.0869682, 49.9575281], [19.0872699, 49.9576689], [19.0875301, 49.957743], [19.0876223, 49.9577682], [19.0876821, 49.9577845], [19.0877236, 49.9577934], [19.0877858, 49.9578037], [19.0878503, 49.9578067], [19.0878963, 49.9578008], [19.0879792, 49.957783], [19.0880391, 49.9577845], [19.0880783, 49.9577978], [19.0881243, 49.9578111], [19.0881842, 49.9578097], [19.088251, 49.9577874], [19.0885918, 49.9576645], [19.0887415, 49.9575356], [19.0887991, 49.9574748], [19.0888475, 49.9574333], [19.0888636, 49.9574155], [19.0888797, 49.9573978], [19.0889097, 49.9573652], [19.088935, 49.9573266], [19.0889534, 49.9572703], [19.0889442, 49.9572422], [19.0889258, 49.9572066], [19.0889051, 49.9571651], [19.0889005, 49.9571236], [19.0889235, 49.9570896], [19.0889834, 49.9569636], [19.0890156, 49.956934], [19.0890356, 49.9569198], [19.0890594, 49.9569029], [19.0890985, 49.9568777], [19.0891745, 49.9568392], [19.0892413, 49.9568095], [19.0892759, 49.9567769], [19.0893288, 49.9567369], [19.0893933, 49.9566999], [19.0894647, 49.9566584], [19.089543, 49.9566302], [19.0896443, 49.9565962], [19.089695, 49.9565799], [19.0898585, 49.9565384], [19.0899875, 49.9565176], [19.0900543, 49.9565265], [19.0901165, 49.9565399], [19.0901902, 49.9565547], [19.0902616, 49.956571], [19.0903214, 49.9565888], [19.0904113, 49.9566184], [19.0904919, 49.9566495], [19.0905863, 49.9566762], [19.0906761, 49.9566954], [19.0907751, 49.9567132], [19.0908419, 49.956728], [19.0909087, 49.9567458], [19.0910031, 49.9567695], [19.0910953, 49.9567947], [19.091139, 49.9568066], [19.0912588, 49.9568303], [19.0913302, 49.9568421], [19.0914016, 49.9568555], [19.0914661, 49.9568658], [19.091625, 49.9568688], [19.091671, 49.9568718], [19.0922261, 49.9568718], [19.0925646, 49.9568318], [19.0927489, 49.9567977], [19.0927972, 49.9567947], [19.0928962, 49.9568006], [19.0929884, 49.9567977], [19.0931243, 49.956768], [19.0933085, 49.9567458], [19.0935319, 49.956691], [19.0936148, 49.9566643], [19.0937714, 49.9566065], [19.0938106, 49.9565888], [19.0938797, 49.9565473], [19.0939165, 49.9565324], [19.0940869, 49.9564924], [19.0942827, 49.9564347], [19.0943725, 49.9564154], [19.094718, 49.9563754], [19.0947686, 49.9563695], [19.0948124, 49.956368], [19.0949529, 49.9563665], [19.0951832, 49.9563665], [19.0957935, 49.9563872], [19.0961389, 49.9564198], [19.0963716, 49.9564643], [19.0965834, 49.9565384], [19.0966733, 49.9565769], [19.0967999, 49.9566569], [19.0968644, 49.9567236], [19.0969197, 49.9567769], [19.0973757, 49.9571533], [19.0976336, 49.9574185], [19.0978478, 49.9577], [19.0980965, 49.9579326], [19.0983959, 49.9581623], [19.0985756, 49.9583164], [19.0986746, 49.9583594], [19.0988266, 49.9584216], [19.0989302, 49.9584453], [19.0989947, 49.9584586], [19.0991145, 49.958466], [19.0992296, 49.958466], [19.0993195, 49.958466], [19.099377, 49.958466], [19.0994715, 49.9584616], [19.099757, 49.9584557], [19.099909, 49.9584483], [19.0999574, 49.9584246], [19.100038, 49.9584009], [19.1001094, 49.9583875], [19.1001578, 49.958386], [19.1002176, 49.9583905], [19.1004157, 49.9583549], [19.1004503, 49.9583371], [19.1005378, 49.9582675], [19.1005746, 49.9582468], [19.100699, 49.9582068], [19.1008072, 49.9581519], [19.1008395, 49.9581327], [19.1009155, 49.9580571], [19.10098, 49.9580156], [19.1010191, 49.9579993], [19.1011872, 49.9579519], [19.1013116, 49.9579119], [19.1014682, 49.9578467], [19.1015074, 49.9578349], [19.1017492, 49.95778], [19.1017906, 49.9577697], [19.101915, 49.9577326], [19.1019611, 49.9577267], [19.1020071, 49.9577252], [19.1021338, 49.9577238], [19.1022881, 49.9577222], [19.1024217, 49.95774], [19.1025038, 49.9577442], [19.1025995, 49.9577492], [19.102652, 49.9577519], [19.102698, 49.9577608], [19.1027832, 49.9577934], [19.1029168, 49.9578274], [19.103055, 49.9578423], [19.1031011, 49.9578512], [19.1031863, 49.9578763], [19.10323, 49.9578897], [19.1035156, 49.9580067], [19.1037528, 49.9581016], [19.103838, 49.9581282], [19.1040246, 49.9581697], [19.1041973, 49.9582305], [19.104423, 49.9583445], [19.1044783, 49.9583979], [19.1046027, 49.9584483], [19.1046349, 49.958472], [19.1046395, 49.9585031], [19.1047662, 49.9586468], [19.1048145, 49.9587357], [19.1049642, 49.9589046], [19.1049827, 49.9589342], [19.1049757, 49.9589654], [19.1049804, 49.9589965], [19.1050679, 49.9590735], [19.1051116, 49.9591298], [19.1051669, 49.9591846], [19.105365, 49.9593284], [19.1054387, 49.9593669], [19.1055262, 49.959395], [19.1056229, 49.9594158], [19.1058256, 49.9594498], [19.1059684, 49.9594617], [19.1060628, 49.9594765], [19.1062954, 49.9594928], [19.1064359, 49.959518], [19.1066201, 49.959521], [19.1066639, 49.9595239], [19.1067537, 49.9595328], [19.1067998, 49.9595417], [19.1070255, 49.9595639], [19.1070715, 49.9595728], [19.107113, 49.9595847], [19.1073018, 49.9596839], [19.1074009, 49.9597506], [19.1075552, 49.9598217], [19.1075851, 49.9598469], [19.1077624, 49.9599166], [19.1078845, 49.9599773], [19.1079628, 49.9600218], [19.1080273, 49.9600706], [19.1081908, 49.9601566], [19.1084303, 49.9602618], [19.1085547, 49.9603018], [19.108621, 49.9603227], [19.1085676, 49.9604809], [19.1083342, 49.9604115], [19.1080838, 49.9603184], [19.1080103, 49.96028], [19.1078747, 49.9601928], [19.107668, 49.9600908], [19.1075577, 49.9600346], [19.1074313, 49.9599415], [19.1073624, 49.9599001], [19.1073256, 49.9598824], [19.1072108, 49.9598292], [19.1071327, 49.9597967], [19.1069696, 49.9597361], [19.1067972, 49.9596829], [19.1067513, 49.959674], [19.1066594, 49.9596858], [19.1066135, 49.9596858], [19.1065308, 49.9596577], [19.1064825, 49.9596518], [19.1062436, 49.9596651], [19.1060965, 49.9596651], [19.1059978, 49.9596489], [19.1056646, 49.9596193], [19.1055429, 49.9595986], [19.1054487, 49.9595853], [19.1054096, 49.9595691], [19.1053384, 49.9595292], [19.10515, 49.9593947], [19.105088, 49.9593488], [19.1050191, 49.9593089], [19.1050053, 49.9592809], [19.1050122, 49.9592528], [19.1049777, 49.9592336], [19.1048904, 49.959204], [19.1048238, 49.9591508], [19.1048054, 49.9591242], [19.1047985, 49.9590946], [19.1048123, 49.9590666], [19.10481, 49.959037], [19.1047319, 49.959003], [19.1047204, 49.9589454], [19.1046837, 49.9589247], [19.1046561, 49.958901], [19.1045527, 49.9587384], [19.1045114, 49.9586882], [19.1044976, 49.9586601], [19.1044539, 49.9586099], [19.1044287, 49.9585847], [19.1043988, 49.9585611], [19.1043666, 49.9585374], [19.1042242, 49.9584547], [19.1040312, 49.9583689], [19.1038382, 49.9583024], [19.1032937, 49.958097], [19.1031054, 49.9580216], [19.1028963, 49.9579625], [19.102639, 49.9579108], [19.1024184, 49.9578871], [19.1021795, 49.9578797], [19.1019613, 49.9578989], [19.101766, 49.957927], [19.1016764, 49.9579477], [19.1015937, 49.9579669], [19.1015248, 49.9579876], [19.1014535, 49.9580024], [19.1013961, 49.9580186], [19.1012031, 49.9581029], [19.1010423, 49.9581827], [19.1010101, 49.9582078], [19.1009343, 49.9582936], [19.1008999, 49.9583157], [19.1008195, 49.9583556], [19.1006081, 49.9584414], [19.1004932, 49.9585064], [19.1004473, 49.9585212], [19.1002543, 49.958567], [19.1001555, 49.9585759], [19.100059, 49.9585921], [19.099765, 49.9585966], [19.0993675, 49.9586527], [19.0991768, 49.9586705], [19.0990091, 49.9586645], [19.0989586, 49.9586675], [19.0989103, 49.9586675], [19.0988621, 49.9586645], [19.0987725, 49.9586424], [19.0987334, 49.9586276], [19.098676, 49.9585818], [19.0986415, 49.9585611], [19.0985221, 49.9585153], [19.0984876, 49.958496], [19.0984118, 49.9584502], [19.0981568, 49.9582655], [19.0980029, 49.9581147], [19.0977892, 49.957927], [19.0977479, 49.9578457], [19.0976583, 49.9577349], [19.0975641, 49.9576654], [19.0974745, 49.9575605], [19.0974216, 49.9575117], [19.0973757, 49.9574614], [19.0973481, 49.9574378], [19.097038, 49.9571274], [19.0969553, 49.9570727], [19.0969254, 49.9570491], [19.096845, 49.9570165], [19.0968197, 49.9569929], [19.0968082, 49.9569633], [19.0968036, 49.9569353], [19.0967899, 49.9569072], [19.0967669, 49.9568806], [19.0966497, 49.9568259], [19.0965923, 49.9567756], [19.0965555, 49.9567564], [19.0964935, 49.9567106], [19.096459, 49.9566914], [19.09642, 49.9566722], [19.0961719, 49.9565983], [19.0961259, 49.9565909], [19.0960363, 49.9565672], [19.0959904, 49.9565583], [19.0959421, 49.956551], [19.0958617, 49.9565465], [19.0957652, 49.9565377], [19.0957193, 49.9565362], [19.0956687, 49.9565377], [19.0956228, 49.956548], [19.0955722, 49.956548], [19.0954781, 49.9565347], [19.0953862, 49.9565569], [19.0953379, 49.9565643], [19.095292, 49.9565687], [19.0951978, 49.9565687], [19.0951472, 49.9565643], [19.0951013, 49.9565539], [19.0949726, 49.956517], [19.0949244, 49.956514], [19.0948784, 49.956514], [19.0947222, 49.9565332], [19.0945798, 49.9565391], [19.0942995, 49.9566042], [19.0941226, 49.9566618], [19.0939595, 49.9567313], [19.0939204, 49.956752], [19.0938354, 49.956783], [19.0937481, 49.9568111], [19.0934587, 49.956888], [19.0934081, 49.9568983], [19.0933576, 49.9569072], [19.0931164, 49.9569426], [19.0930222, 49.9569619], [19.092882, 49.9569633], [19.0925282, 49.9569899], [19.09248, 49.9569973], [19.0923352, 49.9570092], [19.0919998, 49.9570106], [19.0918091, 49.9570269], [19.0914944, 49.9570269], [19.0914485, 49.9570254], [19.0914002, 49.957018], [19.0912095, 49.9569825], [19.0911107, 49.9569692], [19.090665, 49.956848], [19.0905249, 49.9568244], [19.0903985, 49.9567786], [19.0903526, 49.9567682], [19.090155, 49.9567328], [19.0901045, 49.9567268], [19.0900057, 49.9567209], [19.0899575, 49.9567313], [19.0897783, 49.9567815], [19.0895646, 49.9568732], [19.089475, 49.9569042], [19.0892935, 49.9570077], [19.0892728, 49.9570372], [19.089243, 49.9571023], [19.0892338, 49.9572309], [19.0892085, 49.9572944], [19.0891947, 49.957358], [19.0891717, 49.95742], [19.0891258, 49.9574792], [19.0890753, 49.9575339], [19.0889926, 49.9576137], [19.0889213, 49.9576979], [19.0888869, 49.9577201], [19.0886571, 49.9578176], [19.0884779, 49.9578723], [19.0883585, 49.9579314], [19.0883079, 49.9579433], [19.088262, 49.9579507], [19.0881632, 49.957961], [19.088115, 49.9579654], [19.0880644, 49.9579669], [19.0879151, 49.9579684], [19.0877749, 49.9579684], [19.0876187, 49.9579566], [19.0875682, 49.9579329], [19.0873453, 49.9578782], [19.0869846, 49.9577437], [19.0868238, 49.9576684], [19.0867296, 49.9576078], [19.0863919, 49.9574659], [19.0861599, 49.9573742], [19.0859554, 49.9573195], [19.0857624, 49.957287], [19.0857142, 49.9572841], [19.08562, 49.9572841], [19.085512, 49.9572929], [19.0852662, 49.9572974], [19.0851169, 49.9573048], [19.0848274, 49.9573048], [19.0846827, 49.9573122], [19.084492, 49.9572575], [19.0844093, 49.9572279], [19.0840072, 49.957055], [19.0839751, 49.9569973], [19.0839544, 49.9569707], [19.0839062, 49.9567727], [19.0838947, 49.956684], [19.0839268, 49.9565997], [19.0839291, 49.9565716], [19.0838556, 49.9562568], [19.0838602, 49.9561977], [19.083874, 49.9561401], [19.083874, 49.956112], [19.0838694, 49.9560839], [19.0838005, 49.9559553], [19.083766, 49.9559346], [19.0837293, 49.9558814], [19.0837017, 49.9558563], [19.0836374, 49.9558134], [19.083619, 49.9557868], [19.0835501, 49.9557558], [19.0834605, 49.9557306], [19.0832537, 49.9556449], [19.0831227, 49.9556006], [19.0830446, 49.9555666], [19.0828103, 49.9554808], [19.0827138, 49.955466], [19.0825323, 49.9554217], [19.0824335, 49.9554069], [19.0823876, 49.9554025], [19.0822406, 49.955401], [19.0821418, 49.9553921], [19.0818914, 49.9553448], [19.0817949, 49.9553345], [19.0817489, 49.9553256], [19.0817053, 49.9553153], [19.0810988, 49.9551571], [19.0806829, 49.9550152], [19.0804739, 49.9549325], [19.0802717, 49.9548275], [19.0802051, 49.9547521], [19.0801775, 49.9547285], [19.0800649, 49.9546708], [19.0799593, 49.9546087], [19.0798145, 49.9544949], [19.0793482, 49.9542555], [19.0792379, 49.9541609], [19.0791621, 49.9541195], [19.0791322, 49.9540973], [19.0791023, 49.9540426], [19.0790771, 49.9540175], [19.0788611, 49.9539539], [19.0787393, 49.9539052], [19.0786911, 49.9538948], [19.0785464, 49.9538904], [19.078453, 49.9538745], [19.0782801, 49.9538775], [19.0777624, 49.9539503], [19.0776114, 49.9539388], [19.0773701, 49.9539096], [19.0769681, 49.9538712], [19.0768693, 49.9538652], [19.0768279, 49.9538505], [19.0767154, 49.9537943], [19.0764029, 49.9536938], [19.0757941, 49.9534292], [19.0755023, 49.9533272], [19.0754679, 49.953305], [19.0754311, 49.9532873], [19.0753094, 49.9532415], [19.0751348, 49.9531942], [19.074967, 49.9531306], [19.0748797, 49.9531084], [19.0747051, 49.9530552], [19.0744157, 49.9529399], [19.0743261, 49.9529163], [19.0741859, 49.9528926], [19.0741377, 49.9528852], [19.0740872, 49.9528808], [19.0738919, 49.9528793], [19.0736989, 49.9528719], [19.0735082, 49.952897], [19.07346, 49.9529074], [19.0733658, 49.9529384], [19.07329, 49.9529798], [19.073244, 49.9529946], [19.0731935, 49.9530035], [19.073012, 49.9530567], [19.0729729, 49.9530774], [19.0729385, 49.953104], [19.0727868, 49.9531794], [19.0727409, 49.9532016], [19.0726559, 49.9532326], [19.0724698, 49.9532858], [19.0723457, 49.9533479], [19.0722125, 49.9533981], [19.0720471, 49.9534706], [19.071923, 49.9535474], [19.0718771, 49.9535593], [19.0717323, 49.9535814], [19.0716381, 49.9536066], [19.0715991, 49.9536287], [19.0715394, 49.9536805], [19.0714957, 49.9536982], [19.0714475, 49.9537056], [19.0713992, 49.9536997], [19.0713556, 49.9536849], [19.0713027, 49.953676], [19.0712545, 49.9536746], [19.0711557, 49.9536938], [19.0711074, 49.9536953], [19.071011, 49.9536834], [19.0709053, 49.9536834], [19.0706572, 49.9536627], [19.0705032, 49.9536627], [19.0703057, 49.9536716], [19.070053, 49.9536539], [19.0699565, 49.9536539], [19.0698071, 49.9536805], [19.0697152, 49.9537026], [19.069536, 49.9537366], [19.0694855, 49.9537485], [19.0694418, 49.9537603], [19.0693017, 49.9537987], [19.0692558, 49.9538165], [19.0691845, 49.9538623], [19.0691386, 49.9538667], [19.0688928, 49.9539273], [19.0688583, 49.9539495], [19.0688147, 49.9539658], [19.0683965, 49.9540811], [19.0683483, 49.9540929], [19.0682518, 49.9541121], [19.0681852, 49.9541195], [19.0680864, 49.9541387], [19.0680359, 49.9541446], [19.067983, 49.9541476], [19.0678314, 49.9541476], [19.0677808, 49.9541446], [19.0677326, 49.9541357], [19.0675006, 49.9540899], [19.0674087, 49.9540648], [19.067218, 49.9540308], [19.066809, 49.9539318], [19.0663105, 49.9537692], [19.0655708, 49.9534632], [19.0648333, 49.9531498], [19.0646105, 49.9530774], [19.0642934, 49.9529961], [19.064066, 49.9529577], [19.0638799, 49.9529473], [19.0635674, 49.9529562], [19.0632642, 49.9529857], [19.0629839, 49.9530301], [19.0624486, 49.9531424], [19.0623567, 49.9531602], [19.0623085, 49.953172], [19.062212, 49.9531971], [19.0621614, 49.9532119], [19.0617916, 49.9533405], [19.0617226, 49.9533878], [19.0615894, 49.9534573], [19.0614722, 49.9535267], [19.0614378, 49.9535519], [19.0613826, 49.953608], [19.0613367, 49.9536642], [19.061316, 49.9536953], [19.0612861, 49.9537559], [19.0612195, 49.9538416], [19.0610656, 49.9541003], [19.0610242, 49.9542584], [19.0609967, 49.9543205], [19.0609737, 49.9543516], [19.0609438, 49.9544136], [19.0609048, 49.9544713], [19.0606429, 49.9548172], [19.0605257, 49.9549103], [19.0603144, 49.9550507], [19.0601995, 49.9551083], [19.0600341, 49.9551882], [19.0597469, 49.9553108], [19.0593058, 49.9554291], [19.0589221, 49.9555207], [19.0585408, 49.9555902], [19.0580537, 49.9556907], [19.0578745, 49.9556966], [19.0573714, 49.9557365], [19.0567948, 49.9557365], [19.0565099, 49.9557306], [19.0558, 49.9557232], [19.0554072, 49.9556966], [19.0552188, 49.9556789], [19.055143, 49.9556656], [19.055097, 49.9556582], [19.0550465, 49.9556552], [19.0548994, 49.9556538], [19.054757, 49.9556405], [19.0544101, 49.9556316], [19.0541964, 49.9556109], [19.0539001, 49.9556065], [19.0537507, 49.9556065], [19.0533992, 49.9556316], [19.0530592, 49.9556405], [19.0525377, 49.9556981], [19.0521518, 49.9557321], [19.0520093, 49.9557587], [19.0519611, 49.9557646], [19.0518623, 49.9557735], [19.051667, 49.9557868], [19.0506654, 49.9559169], [19.0506263, 49.9559346], [19.0505735, 49.9559435], [19.0504816, 49.9559435], [19.0504333, 49.955942], [19.0503391, 49.9559346], [19.0502013, 49.9559065], [19.0501507, 49.9558991], [19.0501025, 49.9558947], [19.0500543, 49.9558947], [19.050006, 49.9558858], [19.0499164, 49.9558577], [19.0497326, 49.9558164], [19.04945, 49.9557055], [19.0493467, 49.9556892], [19.0492686, 49.9556567], [19.0491767, 49.9556301], [19.0490871, 49.9556124], [19.0490388, 49.9556124], [19.0489883, 49.9556035], [19.0489492, 49.9555858], [19.0488826, 49.9555444], [19.0487562, 49.9554986], [19.0486666, 49.9554734], [19.0484622, 49.9553936], [19.0483864, 49.9553581], [19.0482991, 49.9553286], [19.0482623, 49.9553094], [19.0482393, 49.9552842], [19.0482301, 49.9552562], [19.0481911, 49.9552355], [19.0481474, 49.9552251], [19.0472377, 49.9548585], [19.0465393, 49.9545541], [19.0462544, 49.9544299], [19.0459695, 49.9542732], [19.0456456, 49.9540958], [19.0451815, 49.9538667], [19.0449885, 49.9537307], [19.0449012, 49.9537041], [19.0447197, 49.953614], [19.0446393, 49.9535785], [19.0445658, 49.9535386], [19.0444785, 49.9535061], [19.0444004, 49.9534691], [19.0443177, 49.953441], [19.0442327, 49.9534055], [19.0440994, 49.9533671], [19.0439685, 49.9533213], [19.0438812, 49.9532769], [19.04381, 49.9532326], [19.0437365, 49.9531942], [19.0436974, 49.9531794], [19.0435619, 49.9531306], [19.0433804, 49.9530818], [19.0432839, 49.9530611], [19.0428749, 49.9529296], [19.0427509, 49.9529015], [19.0427072, 49.9528882], [19.0426728, 49.9528645], [19.0425901, 49.9528364], [19.0424132, 49.9527951], [19.0419054, 49.9526591], [19.0417952, 49.9526413], [19.0416964, 49.9526443], [19.0415172, 49.9525985], [19.0412323, 49.9525423], [19.0410416, 49.9525201], [19.0409497, 49.9525039], [19.0408578, 49.9524846], [19.0407223, 49.9524432], [19.0405799, 49.9524329], [19.0403501, 49.9523871], [19.0398355, 49.9523501], [19.0397873, 49.9523427], [19.0392543, 49.9523413], [19.039206, 49.9523486], [19.0390659, 49.9523812], [19.0378414, 49.9524891], [19.0377931, 49.9524965], [19.0376002, 49.9524935], [19.0368305, 49.9525497], [19.0364882, 49.9525512], [19.0363182, 49.9525615], [19.0362217, 49.9525615], [19.0358748, 49.952526], [19.035675, 49.9525245], [19.0355371, 49.9524979], [19.0352867, 49.9524713], [19.0351879, 49.9524551], [19.0351443, 49.9524462], [19.0350983, 49.9524344], [19.0350547, 49.9524196], [19.0348548, 49.9523339], [19.0346388, 49.9522673], [19.0343769, 49.9521993], [19.0342827, 49.9522008], [19.0342, 49.9521653], [19.0341058, 49.9521417], [19.0338623, 49.9520338], [19.0337406, 49.9519761], [19.033667, 49.9519347], [19.0331731, 49.9516155], [19.0328905, 49.9514248], [19.0326309, 49.9512193], [19.0325275, 49.9511498], [19.0322679, 49.9509547], [19.0322335, 49.9509], [19.032176, 49.9508527], [19.0321439, 49.950832], [19.0320221, 49.9507876], [19.0319417, 49.9507507], [19.0318337, 49.9506871], [19.0317901, 49.9506753], [19.0317809, 49.9506472], [19.0317947, 49.9506191], [19.0317388, 49.9505958], [19.0316394, 49.9505724], [19.031593, 49.9505361], [19.0315433, 49.9505063], [19.031434, 49.9504551], [19.0313147, 49.9503485], [19.0312153, 49.9502867], [19.0310894, 49.9501844], [19.0309071, 49.9500543], [19.0307713, 49.9499157], [19.0307083, 49.9498432], [19.0306454, 49.9498198], [19.0305924, 49.9497942], [19.0305559, 49.949758], [19.0304598, 49.9497004], [19.03044, 49.9496855], [19.0304072, 49.9496553], [19.0303603, 49.9496433], [19.0302736, 49.9496056], [19.0299807, 49.9494035], [19.0298378, 49.9492769], [19.0298074, 49.9492543], [19.0297371, 49.9492121], [19.0295801, 49.9491352], [19.0294301, 49.9490538], [19.0292287, 49.9489633], [19.0287343, 49.9486874], [19.0286991, 49.9486663], [19.0286171, 49.9486286], [19.0285351, 49.948597], [19.028254, 49.9484733], [19.0281251, 49.9484085], [19.0279588, 49.9483346], [19.0272489, 49.9480663], [19.027209, 49.9480452], [19.0270357, 49.9479834], [19.0268998, 49.9479487], [19.0267264, 49.9478944], [19.0265858, 49.9478688], [19.0263867, 49.9478492], [19.0263047, 49.947816], [19.0262719, 49.9477934], [19.026232, 49.9477753], [19.0258126, 49.9476185], [19.025726, 49.9475853], [19.0256393, 49.9475582], [19.0255971, 49.9475461], [19.0255526, 49.9475356], [19.0254542, 49.9475175], [19.025323, 49.9474828], [19.0252761, 49.9474738], [19.0251777, 49.9474858], [19.0251308, 49.9474858], [19.0248942, 49.9474421], [19.024599, 49.9473924], [19.0245498, 49.9473863], [19.0243085, 49.9473637], [19.0240437, 49.9473441], [19.0239477, 49.9473351], [19.0236424, 49.9473157], [19.0233783, 49.9472989], [19.0231815, 49.9472763], [19.0229402, 49.9472341], [19.0225911, 49.9472099], [19.0224458, 49.9471828], [19.0222982, 49.9471662], [19.0219304, 49.9471692], [19.021832, 49.9471722], [19.0212252, 49.9471722], [19.0211291, 49.9471632], [19.0209815, 49.9471572], [19.0208339, 49.9471738], [19.020787, 49.9471738], [19.0207542, 49.9471511], [19.0207074, 49.9471436], [19.0205621, 49.9471391], [19.0205153, 49.9471391], [19.0204684, 49.9471421], [19.0202974, 49.9471572], [19.0200396, 49.9471572], [19.0198428, 49.9471979], [19.0189408, 49.9472808], [19.0187753, 49.9473016], [19.018341, 49.9473562], [19.0181325, 49.9473562], [19.0179849, 49.9473622], [19.017842, 49.9473411], [19.0176944, 49.9473411], [19.0174038, 49.9473125], [19.0173101, 49.9473094], [19.0172609, 49.9473019], [19.0171203, 49.9472672], [19.0170828, 49.9472476], [19.0169891, 49.9472295], [19.0169423, 49.9472295], [19.0166845, 49.9471677], [19.0164901, 49.94713], [19.0163565, 49.9470938], [19.0162066, 49.9470682], [19.0159582, 49.9470441], [19.0158177, 49.9470094], [19.0157286, 49.9469838], [19.0152483, 49.9468164], [19.0152062, 49.9467983], [19.0151429, 49.9467531], [19.0151054, 49.9467335], [19.0150234, 49.9467003], [19.014932, 49.9466747], [19.0148407, 49.9466446], [19.0146743, 49.9465827], [19.0143838, 49.9464908], [19.0143416, 49.9464787], [19.0142104, 49.9464275], [19.0140815, 49.9463898], [19.0139878, 49.9463687], [19.0139433, 49.9463551], [19.0138472, 49.9463234], [19.013552, 49.9462164], [19.0135122, 49.9461998], [19.0133951, 49.9461425], [19.0133529, 49.9461304], [19.0132545, 49.9461123], [19.0131139, 49.9460656], [19.0130811, 49.9460415], [19.0130413, 49.9460219], [19.0130108, 49.9459978], [19.0129944, 49.9459691], [19.0129569, 49.9459495], [19.0126758, 49.9458907], [19.0126289, 49.9458787], [19.0125673, 49.9458594], [19.0125375, 49.94585], [19.0124954, 49.9458334], [19.0124509, 49.9458078], [19.012247, 49.9457173], [19.0122025, 49.9457068], [19.0119049, 49.9456118], [19.0118183, 49.9455816], [19.0116472, 49.9455153], [19.0115699, 49.9454791], [19.0111013, 49.9453163], [19.0109865, 49.9452575], [19.0106468, 49.9451127], [19.010457, 49.9450569], [19.010204, 49.9449665], [19.0100423, 49.9448971], [19.0100072, 49.944876], [19.0099022, 49.9448215], [19.0096876, 49.9447364], [19.0096182, 49.9447016], [19.0095402, 49.9446737], [19.0093278, 49.9446207], [19.0092454, 49.9445928], [19.0091739, 49.9445551], [19.00915, 49.9445314], [19.0091153, 49.9445133], [19.009033, 49.9444909], [19.0082938, 49.9442622], [19.0078191, 49.9440976], [19.0075872, 49.9439916], [19.0074507, 49.9439176], [19.0073878, 49.9438744], [19.0070193, 49.9437349], [19.0068568, 49.9436735], [19.0067852, 49.94364], [19.0067635, 49.9436163], [19.0067245, 49.9436024], [19.0066357, 49.9435898], [19.0065901, 49.9435773], [19.00633, 49.9434671], [19.0057426, 49.9432481], [19.0049601, 49.9429482], [19.0042795, 49.942711], [19.0036119, 49.9424864], [19.0032825, 49.9423693], [19.0029747, 49.942234], [19.0026365, 49.9420512], [19.0023504, 49.9418462], [19.0021813, 49.9417039], [19.0021076, 49.9415867], [19.0018887, 49.9412394], [19.0017695, 49.9410971], [19.0017283, 49.9410064], [19.001672, 49.9408069], [19.0016481, 49.9407246], [19.0016395, 49.9406716], [19.0015506, 49.9404721], [19.0015072, 49.940394], [19.0014856, 49.9403703], [19.0014574, 49.9403493], [19.0013902, 49.9403117], [19.0013338, 49.9402377], [19.0012081, 49.9401457], [19.0011821, 49.9400913], [19.0011648, 49.9400662], [19.0011387, 49.9400424], [19.0010824, 49.9399978], [19.001052, 49.9399769], [19.0010195, 49.9399573], [19.0009502, 49.9399197], [19.0008743, 49.9398834], [19.0006814, 49.9398137], [19.0006424, 49.9397983], [19.0006077, 49.9397788], [19.0004148, 49.9395891], [19.0002045, 49.9394007], [19.0001417, 49.9393589], [18.9998837, 49.9391636], [18.9995998, 49.9390004], [18.999201, 49.9388204], [18.998555, 49.9385623], [18.9981714, 49.9384563], [18.9978029, 49.9383544], [18.9976186, 49.9383307], [18.9974864, 49.9383042], [18.9971179, 49.9381968], [18.9968622, 49.9381508], [18.9966216, 49.9381368], [18.9963983, 49.9381605], [18.9962509, 49.9381759], [18.9960927, 49.9381968], [18.9960407, 49.9381982], [18.9958543, 49.938201], [18.9956245, 49.9381815], [18.9953384, 49.9381815], [18.9952452, 49.9381745], [18.995152, 49.9381745], [18.9949265, 49.9381968], [18.9947401, 49.9381968], [18.9946469, 49.9381815], [18.9943456, 49.9381173], [18.9942156, 49.9380922], [18.9941722, 49.9380824], [18.9940097, 49.9380294], [18.9938341, 49.9379834], [18.9937886, 49.937975], [18.9932055, 49.9377601], [18.9931622, 49.9377448], [18.9930321, 49.9376932], [18.9929194, 49.9376416], [18.9928847, 49.9376248], [18.9928479, 49.9376067], [18.9928153, 49.9375844], [18.9927958, 49.9375607], [18.9925401, 49.9373333], [18.9922908, 49.9372133], [18.9921196, 49.9371114], [18.9919722, 49.9370431], [18.9918941, 49.9370138], [18.9918226, 49.9369789], [18.9917988, 49.9369552], [18.9917836, 49.9369273], [18.9917793, 49.9369008], [18.9917597, 49.9368757], [18.9915582, 49.9367836], [18.991491, 49.9367445], [18.9914628, 49.9367236], [18.9914173, 49.9366776], [18.9914021, 49.9366524], [18.9913934, 49.9366259], [18.9912222, 49.9364822], [18.990871, 49.9362702], [18.9902403, 49.935934], [18.9901146, 49.9358656], [18.9899065, 49.9357177], [18.9895228, 49.9355098], [18.9893993, 49.9354289], [18.9889549, 49.9351652], [18.9887859, 49.9350522], [18.9879817, 49.9346183], [18.9877086, 49.9344397], [18.9875048, 49.9342528], [18.9873011, 49.9340742], [18.98718, 49.9339615], [18.9869803, 49.9337756], [18.9868437, 49.9335398], [18.9866335, 49.9330976], [18.9864326, 49.932712], [18.986278, 49.9324153], [18.985942, 49.9320316], [18.985773, 49.9318921], [18.9855931, 49.9317581], [18.9854034, 49.931618], [18.9851682, 49.9314442], [18.9847, 49.9311205], [18.9843684, 49.930907], [18.983848, 49.9306239], [18.9836466, 49.9305038], [18.9832946, 49.930276], [18.9832348, 49.9302373], [18.9830028, 49.9300713], [18.9828793, 49.9299359], [18.9827666, 49.9297155], [18.9826864, 49.9295159], [18.982617, 49.9293066], [18.982591, 49.9291476], [18.9826192, 49.9286229], [18.9826604, 49.9280006], [18.9827449, 49.9275262], [18.9828034, 49.9272485], [18.9828198, 49.9268679], [18.9827851, 49.9267113], [18.9827565, 49.9265943], [18.9826686, 49.9264824], [18.982501, 49.9263206], [18.9823151, 49.9261798], [18.9820024, 49.9259825], [18.9818696, 49.9258575], [18.9817878, 49.9257944], [18.9819418, 49.9257169], [18.982028, 49.9255835], [18.982154, 49.9256917]]]}, "properties": {"natural": "water", "water": "river", "osm_id": 346914708, "osm_type": "way"}}, {"type": "Feature", "geometry": {"type": "Polygon", "coordinates": [[[18.9817878, 49.9257944], [18.9817551, 49.9257786], [18.9816836, 49.9257483], [18.98161, 49.925722], [18.9815712, 49.9257102], [18.9815303, 49.9256996], [18.9814506, 49.9256825], [18.981375, 49.9256575], [18.980484, 49.9254339], [18.9797851, 49.9252721], [18.979123, 49.9250984], [18.9787654, 49.9250326], [18.9785229, 49.9249336], [18.9784843, 49.9249104], [18.9784406, 49.9248939], [18.9783403, 49.9248674], [18.9780444, 49.9247746], [18.9778875, 49.9247498], [18.9777898, 49.9247216], [18.9776508, 49.924672], [18.9772084, 49.9245411], [18.9769357, 49.9244848], [18.9766733, 49.9244633], [18.9758938, 49.9244765], [18.9757292, 49.9244881], [18.9756186, 49.9244931], [18.9754565, 49.9244947], [18.9750475, 49.9245428], [18.9749343, 49.9245626], [18.9747722, 49.9245792], [18.9747182, 49.9245842], [18.9746128, 49.9245825], [18.9744269, 49.9246002], [18.9741085, 49.9246305], [18.9737433, 49.9246554], [18.973558, 49.924662], [18.9732699, 49.9246372], [18.9728069, 49.9245742], [18.9725265, 49.9245262], [18.9720429, 49.9244003], [18.9717702, 49.9243059], [18.9716072, 49.9242391], [18.971338, 49.9241287], [18.9708518, 49.923935], [18.9699669, 49.923564], [18.9688761, 49.9231267], [18.9683565, 49.9229148], [18.9679552, 49.9227475], [18.9676877, 49.9226415], [18.9675153, 49.9225769], [18.9674407, 49.922562], [18.9673764, 49.9225504], [18.9668902, 49.9223417], [18.9661056, 49.9219972], [18.9655422, 49.9217007], [18.964984, 49.9214523], [18.964948, 49.9214275], [18.9649222, 49.9213993], [18.9648759, 49.9213778], [18.9648296, 49.9213645], [18.9647756, 49.9213513], [18.9644952, 49.9212983], [18.9643177, 49.9212403], [18.96422, 49.9212055], [18.9641659, 49.9211972], [18.9641119, 49.9211972], [18.9639447, 49.9212121], [18.9637672, 49.9212121], [18.9637132, 49.9212105], [18.9634817, 49.9211873], [18.9626147, 49.9211691], [18.9613465, 49.9211608], [18.9604101, 49.9211923], [18.9600937, 49.9212022], [18.9599342, 49.9212237], [18.9598725, 49.9212254], [18.9598185, 49.9212221], [18.9597233, 49.9211972], [18.9592911, 49.9211807], [18.9592371, 49.9211757], [18.9591779, 49.9211691], [18.9590699, 49.9211492], [18.958576, 49.9210531], [18.9583521, 49.9210068], [18.9579251, 49.920871], [18.9575238, 49.9207434], [18.9570582, 49.9205761], [18.9567778, 49.920442], [18.9565231, 49.9202614], [18.9563173, 49.9201472], [18.9559572, 49.9199202], [18.9556065, 49.9197162], [18.9554761, 49.9196403], [18.9552112, 49.9195227], [18.9551649, 49.9195012], [18.9549693, 49.9194051], [18.9546298, 49.9192859], [18.9542233, 49.9191732], [18.9538452, 49.9190722], [18.9535108, 49.919006], [18.9531635, 49.9189513], [18.9529294, 49.9189231], [18.9528647, 49.9189226], [18.952474, 49.9189198], [18.9519544, 49.9189612], [18.9516123, 49.919006], [18.9509434, 49.9191269], [18.9505112, 49.9192925], [18.9495517, 49.9196652], [18.9486591, 49.9200229], [18.9483735, 49.9201455], [18.9483349, 49.920172], [18.9482835, 49.920273], [18.948232, 49.9202896], [18.948178, 49.9202962], [18.94807, 49.9202979], [18.9479619, 49.9203178], [18.9479156, 49.920336], [18.9478256, 49.9203807], [18.9474217, 49.9205198], [18.9471645, 49.9205977], [18.946668, 49.9207269], [18.9462924, 49.9207782], [18.9457445, 49.9208229], [18.9440518, 49.9211111], [18.9431926, 49.9212353], [18.942534, 49.9213181], [18.9422397, 49.9213306], [18.9420663, 49.9213306], [18.9420225, 49.9213346], [18.9419786, 49.9213413], [18.9418074, 49.9213776], [18.9416257, 49.9214516], [18.94154, 49.9214744], [18.9414189, 49.9215188], [18.9413834, 49.9215363], [18.9412915, 49.9216022], [18.9412247, 49.9216425], [18.9409813, 49.9217761], [18.9405639, 49.9219605], [18.9404958, 49.9219854], [18.940249, 49.9221049], [18.9399861, 49.9222697], [18.9397912, 49.9223876], [18.9396292, 49.9224692], [18.9394813, 49.9225614], [18.9393616, 49.9226204], [18.9391198, 49.9227594], [18.9389648, 49.9228471], [18.9387793, 49.9229665], [18.9387159, 49.9230194], [18.9386408, 49.9230648], [18.938345, 49.9232038], [18.9382652, 49.9232461], [18.9377698, 49.9235681], [18.9377322, 49.9235953], [18.9376501, 49.9236316], [18.9372956, 49.923816], [18.936981, 49.924014], [18.9369387, 49.9240306], [18.9365983, 49.9242059], [18.9362316, 49.9244282], [18.9361275, 49.9243648], [18.9359923, 49.9242823], [18.9364856, 49.9240125], [18.9367838, 49.9238764], [18.9370749, 49.9236648], [18.9371547, 49.9236301], [18.9373237, 49.9235681], [18.9373613, 49.9235484], [18.9377886, 49.9232885], [18.9383802, 49.9229514], [18.9392841, 49.922439], [18.9400307, 49.9220384], [18.9403516, 49.9218435], [18.9412664, 49.9213978], [18.941611, 49.9212284], [18.9416821, 49.9211988], [18.9417217, 49.9211867], [18.9417635, 49.9211759], [18.9418032, 49.9211692], [18.9420601, 49.9211436], [18.9422334, 49.9211114], [18.9423629, 49.9210993], [18.9424485, 49.9210872], [18.9430229, 49.920993], [18.9441737, 49.920825], [18.9448984, 49.9207133], [18.9454038, 49.9206622], [18.9457108, 49.9206071], [18.9459197, 49.9205775], [18.9461264, 49.9205547], [18.9463102, 49.9205358], [18.9463687, 49.9205278], [18.9466715, 49.9204821], [18.9467279, 49.9204659], [18.9468198, 49.9204296], [18.9469848, 49.9203678], [18.9472521, 49.9203274], [18.947296, 49.9203194], [18.947415, 49.9202844], [18.9474756, 49.9202481], [18.9475028, 49.9202266], [18.9475362, 49.9202077], [18.9475717, 49.9201929], [18.9477534, 49.9201271], [18.9478682, 49.9200921], [18.9482922, 49.9199294], [18.9488874, 49.9196699], [18.9493031, 49.919491], [18.950057, 49.9191925], [18.9502888, 49.9191212], [18.950481, 49.9190701], [18.9505812, 49.9190499], [18.9508005, 49.918984], [18.9510177, 49.9189383], [18.951237, 49.9188845], [18.9514375, 49.9188482], [18.9517592, 49.9188052], [18.9520745, 49.9187796], [18.9521601, 49.9187716], [18.952346, 49.9187675], [18.9523857, 49.9187675], [18.9527428, 49.9187729], [18.9528998, 49.9187799], [18.953077, 49.9187877], [18.9534508, 49.9188442], [18.9538414, 49.9189007], [18.9541923, 49.9189814], [18.9545849, 49.9190849], [18.9550945, 49.9192449], [18.9555456, 49.9194332], [18.9558506, 49.9195892], [18.9561346, 49.9197667], [18.9566818, 49.9200961], [18.9573146, 49.9204404], [18.9575506, 49.9205479], [18.9577636, 49.9206421], [18.9578054, 49.9206596], [18.9580163, 49.9207254], [18.9581918, 49.9207779], [18.9585259, 49.9208626], [18.9587452, 49.9209124], [18.9589436, 49.920946], [18.9590752, 49.9209729], [18.9592674, 49.9209998], [18.9594491, 49.9210078], [18.9597373, 49.9210051], [18.9598396, 49.9210226], [18.9599044, 49.9210307], [18.9599712, 49.921032], [18.9600506, 49.921032], [18.9601216, 49.9210267], [18.9601884, 49.9210172], [18.9602651, 49.9210086], [18.96032, 49.9210025], [18.9605957, 49.9209903], [18.9607064, 49.9209769], [18.9607857, 49.9209621], [18.9608713, 49.9209581], [18.9609549, 49.9209567], [18.9611199, 49.9209554], [18.9616608, 49.9209661], [18.9622581, 49.9209554], [18.9626194, 49.9209796], [18.9633859, 49.9209809], [18.9635196, 49.9209756], [18.9636449, 49.9209756], [18.9637702, 49.920989], [18.9639248, 49.9209903], [18.9640605, 49.9210038], [18.9642255, 49.9210509], [18.9643968, 49.9210737], [18.9645806, 49.9211463], [18.9646202, 49.9211571], [18.9647476, 49.9211786], [18.9649878, 49.9212458], [18.9650651, 49.9212741], [18.9653053, 49.9213427], [18.9655183, 49.921426], [18.9655559, 49.9214395], [18.9657125, 49.9214852], [18.9657731, 49.9215255], [18.9658838, 49.9215686], [18.9664331, 49.9218617], [18.9667422, 49.922015], [18.9669677, 49.9221118], [18.9670763, 49.9221508], [18.967187, 49.9221925], [18.9674001, 49.9223054], [18.9681373, 49.9226308], [18.9682229, 49.922647], [18.9682626, 49.9226604], [18.9683023, 49.9226765], [18.9683649, 49.9227169], [18.9684005, 49.9227317], [18.9685028, 49.9227639], [18.9690667, 49.9229912], [18.9691899, 49.9229993], [18.9692296, 49.9230127], [18.9692881, 49.9230557], [18.969428, 49.9231203], [18.9695032, 49.9231485], [18.9695763, 49.9231835], [18.9700378, 49.9233663], [18.9703887, 49.9235425], [18.9704284, 49.9235532], [18.9705725, 49.9236285], [18.9706122, 49.923642], [18.970773, 49.9236783], [18.9713703, 49.9239338], [18.9715708, 49.9240091], [18.9719468, 49.9241449], [18.9720512, 49.9241879], [18.9721055, 49.9242094], [18.9723206, 49.9242901], [18.9725378, 49.9243613], [18.9726297, 49.9243869], [18.9727487, 49.9244165], [18.9730349, 49.9244366], [18.9731602, 49.9244326], [18.9734505, 49.9244326], [18.9734964, 49.9244339], [18.9735779, 49.9244474], [18.9736635, 49.9244514], [18.974123, 49.9244528], [18.9741627, 49.9244474], [18.9742796, 49.9244178], [18.9743214, 49.9244124], [18.974501, 49.9243963], [18.9747057, 49.9243681], [18.9753281, 49.9243035], [18.9756685, 49.9243035], [18.975798, 49.9242874], [18.9759713, 49.9242766], [18.9766146, 49.9242766], [18.9769759, 49.9243089], [18.9770636, 49.9243277], [18.9771075, 49.9243331], [18.977237, 49.9243398], [18.9773623, 49.9243533], [18.977404, 49.9243613], [18.9774437, 49.9243734], [18.9775294, 49.9244138], [18.9776066, 49.9244393], [18.9778468, 49.9245039], [18.9779784, 49.9245308], [18.9780181, 49.9245442], [18.9781246, 49.9245913], [18.9782499, 49.9246235], [18.9785632, 49.9247163], [18.9787532, 49.9247903], [18.9789454, 49.9248575], [18.9790226, 49.9248817], [18.9792566, 49.9249503], [18.9793798, 49.9249745], [18.9794508, 49.925004], [18.9795343, 49.9250202], [18.9800982, 49.9251493], [18.9802298, 49.9251654], [18.9802674, 49.9251627], [18.9804032, 49.9251977], [18.9804407, 49.9252192], [18.9805473, 49.925242], [18.9806245, 49.9252474], [18.9806684, 49.9252541], [18.9807937, 49.925277], [18.9808731, 49.9252985], [18.9810151, 49.9253604], [18.9810527, 49.9253725], [18.9814746, 49.9254504], [18.9815122, 49.9254625], [18.9815957, 49.92548], [18.9816333, 49.9254666], [18.9816751, 49.9254693], [18.9817147, 49.92548], [18.9819507, 49.9255553], [18.982028, 49.9255835], [18.9819418, 49.9257169], [18.9817878, 49.9257944]]]}, "properties": {"natural": "water", "water": "river", "osm_id": 346914715, "osm_type": "way"}}, {"type": "Feature", "geometry": {"type": "Polygon", "coordinates": [[[18.9853936, 49.9203091], [18.98522, 49.9201767], [18.9846689, 49.9197772], [18.9847793, 49.9196482], [18.9852044, 49.9198798], [18.9853884, 49.9201115], [18.985417, 49.920222], [18.9853936, 49.9203091]]]}, "properties": {"natural": "water", "water": "pond", "osm_id": 375670273, "osm_type": "way"}}, {"type": "Feature", "geometry": {"type": "Polygon", "coordinates": [[[19.007912, 49.9461096], [19.0077783, 49.9462047], [19.0072427, 49.9462562], [19.0069829, 49.9461866], [19.0067295, 49.9459782], [19.0066169, 49.9458015], [19.006645, 49.9456656], [19.0069899, 49.945643], [19.0071448, 49.9454754], [19.0073912, 49.9455298], [19.0075883, 49.9456566], [19.0074615, 49.9457789], [19.007356, 49.9459284], [19.0075179, 49.9459918], [19.0079911, 49.9459802], [19.007912, 49.9461096]]]}, "properties": {"natural": "water", "water": "lake", "osm_id": 376700450, "osm_type": "way"}}, {"type": "Feature", "geometry": {"type": "Polygon", "coordinates": [[[18.9798429, 49.9105008], [18.9796728, 49.9105467], [18.9795151, 49.9106101], [18.9793938, 49.9104992], [18.9794452, 49.910446], [18.9795561, 49.9103836], [18.979761, 49.9102828], [18.9798511, 49.9102538], [18.9799893, 49.9102167], [18.9801521, 49.9102325], [18.9802204, 49.9103221], [18.9801621, 49.9104226], [18.9800933, 49.9104636], [18.9799788, 49.910498], [18.9798429, 49.9105008]]]}, "properties": {"natural": "water", "osm_id": 377771240, "osm_type": "way"}}, {"type": "Feature", "geometry": {"type": "Polygon", "coordinates": [[[18.9865692, 49.9126725], [18.9863076, 49.9125394], [18.9863497, 49.9126077], [18.986346, 49.9126529], [18.9861565, 49.9131742], [18.9861458, 49.9132918], [18.98612, 49.9134398], [18.9860792, 49.9136321], [18.9860169, 49.9137704], [18.9859632, 49.9139254], [18.9859159, 49.9140942], [18.9858751, 49.9142947], [18.9858571, 49.9143593], [18.98583, 49.9144566], [18.985744, 49.9146074], [18.985671, 49.914707], [18.9855636, 49.9148273], [18.9854024, 49.9149712], [18.9851489, 49.915169], [18.9848546, 49.9154097], [18.9847193, 49.9155744], [18.9846033, 49.9157445], [18.984541, 49.9159091], [18.9845538, 49.9160378], [18.9847128, 49.9166561], [18.9847345, 49.9167701], [18.9847751, 49.916984], [18.9847622, 49.9172025], [18.9847279, 49.9173782], [18.9846269, 49.9176922], [18.9845195, 49.917944], [18.9844636, 49.9181238], [18.9844177, 49.9183274], [18.9843925, 49.9184388], [18.984373, 49.9189354], [18.9843175, 49.9190866], [18.9842144, 49.9192221], [18.9840404, 49.9193992], [18.9838921, 49.9194947], [18.9836687, 49.9196385], [18.9833959, 49.9198681], [18.9831274, 49.9200756], [18.982934, 49.9202415], [18.9827664, 49.9203882], [18.9825301, 49.9205569], [18.9823368, 49.9207409], [18.9821907, 49.9209235], [18.9820725, 49.9210894], [18.9820489, 49.9212803], [18.9820489, 49.9214726], [18.9821112, 49.9216704], [18.9821327, 49.9217506], [18.9821713, 49.9218571], [18.9821542, 49.9219069], [18.9821821, 49.9219691], [18.9822122, 49.9220895], [18.9822723, 49.922474], [18.9823411, 49.9228004], [18.9823411, 49.922936], [18.9823045, 49.9231213], [18.9822186, 49.9233177], [18.9821348, 49.9234809], [18.9821477, 49.9235086], [18.9821155, 49.9235667], [18.982079, 49.9235611], [18.9819651, 49.9237423], [18.9819952, 49.923752], [18.9817159, 49.9242029], [18.9816128, 49.9243606], [18.9815934, 49.9244712], [18.9815591, 49.924622], [18.9815182, 49.9247368], [18.981529, 49.9248488], [18.9815763, 49.9249968], [18.98166, 49.9252043], [18.9816815, 49.9253191], [18.981688, 49.92542], [18.9816333, 49.9254666], [18.9816751, 49.9254693], [18.9817147, 49.92548], [18.9819507, 49.9255553], [18.982028, 49.9255835], [18.9819415, 49.9254214], [18.9818727, 49.9252983], [18.9818018, 49.9251323], [18.9817481, 49.9249844], [18.9817309, 49.9248834], [18.9817159, 49.9246898], [18.9817438, 49.9245473], [18.9817954, 49.9244519], [18.9818512, 49.9243343], [18.981804, 49.9243302], [18.9819092, 49.9241379], [18.9821176, 49.923788], [18.982137, 49.9237921], [18.9822487, 49.9235943], [18.9822079, 49.923586], [18.9822551, 49.9235224], [18.9823604, 49.9233966], [18.9824764, 49.923261], [18.9824807, 49.9231434], [18.9825043, 49.9229885], [18.9825301, 49.9228419], [18.9824829, 49.9226649], [18.9824463, 49.9225902], [18.9824506, 49.9224947], [18.982369, 49.9221739], [18.9823432, 49.9219581], [18.9823088, 49.9217216], [18.9822788, 49.9215957], [18.9822444, 49.9214435], [18.9822229, 49.9212803], [18.9822251, 49.921178], [18.9823045, 49.921012], [18.9823926, 49.9208598], [18.9825301, 49.9206939], [18.98276, 49.9205057], [18.9830801, 49.9202651], [18.9835678, 49.9198944], [18.9837379, 49.9197675], [18.9838385, 49.9196924], [18.9839868, 49.9195786], [18.9840963, 49.9194946], [18.9841865, 49.919413], [18.9843583, 49.9192442], [18.9844457, 49.9191537], [18.9845299, 49.9189823], [18.9845872, 49.9186612], [18.9845831, 49.9184348], [18.9846006, 49.9183345], [18.984614, 49.918258], [18.9846769, 49.9180814], [18.9847665, 49.9177531], [18.9848546, 49.9175041], [18.9848911, 49.9173312], [18.9849405, 49.9171029], [18.9849341, 49.9169217], [18.9848835, 49.9166511], [18.9848189, 49.9163733], [18.9847601, 49.9162619], [18.9847322, 49.9161], [18.9847224, 49.9159586], [18.984745, 49.9158372], [18.9848074, 49.9156906], [18.9849878, 49.9154485], [18.9851628, 49.9153108], [18.9853084, 49.9151962], [18.9856048, 49.9149372], [18.9857898, 49.9147755], [18.9860243, 49.9143901], [18.9862273, 49.9136577], [18.9862476, 49.9135977], [18.9863994, 49.9130908], [18.9864486, 49.9129273], [18.9865692, 49.9126725]]]}, "properties": {"natural": "water", "water": "river", "osm_id": 385885206, "osm_type": "way"}}, {"type": "Feature", "geometry": {"type": "Polygon", "coordinates": [[[18.9865692, 49.9126725], [18.9865984, 49.9122089], [18.9865906, 49.9117437], [18.9864909, 49.9112947], [18.9857857, 49.9088773], [18.9856425, 49.9083645], [18.985511, 49.907892], [18.9854288, 49.9075637], [18.985328, 49.9071759], [18.9852047, 49.9067087], [18.9850896, 49.9062573], [18.9849663, 49.9058086], [18.9848903, 49.9055558], [18.9847855, 49.905119], [18.9846622, 49.9046862], [18.9844628, 49.90397], [18.9842182, 49.9030633], [18.9839387, 49.9020904], [18.983764, 49.9014033], [18.9836284, 49.9008884], [18.9833838, 49.8999551], [18.9832338, 49.8994733], [18.9831804, 49.8993568], [18.9831023, 49.8992376], [18.9830468, 49.8991423], [18.9828228, 49.8988233], [18.9826974, 49.8986578], [18.9825248, 49.8984433], [18.9825597, 49.8984049], [18.982533, 49.8983811], [18.9824795, 49.8983904], [18.9822761, 49.8981706], [18.981976, 49.8979111], [18.9817623, 49.8977258], [18.9814848, 49.8975524], [18.9808436, 49.8972068], [18.9802106, 49.8968997], [18.9787542, 49.8961895], [18.977212, 49.8954353], [18.9745047, 49.8941624], [18.9731099, 49.8935415], [18.9730305, 49.8934904], [18.9729341, 49.8934703], [18.9717633, 49.8930575], [18.9697534, 49.8924165], [18.9693338, 49.8922795], [18.9681148, 49.891865], [18.9669298, 49.8914997], [18.9667569, 49.8914193], [18.9664167, 49.8912659], [18.9662041, 49.8911509], [18.9659518, 49.8909938], [18.965759, 49.8908568], [18.965586, 49.8907271], [18.9654301, 49.8905774], [18.9643529, 49.8894797], [18.9632841, 49.8883948], [18.9629236, 49.8880295], [18.9626665, 49.8877578], [18.9625611, 49.8875671], [18.962402, 49.8872763], [18.9623207, 49.88715], [18.9622134, 49.8869558], [18.9621301, 49.8867532], [18.9620691, 49.8865613], [18.961984, 49.8862634], [18.9619267, 49.8859524], [18.9618915, 49.8857093], [18.9618453, 49.8853529], [18.9617954, 49.8849883], [18.9616788, 49.8843102], [18.961579, 49.8835558], [18.9614828, 49.8826333], [18.9614107, 49.8820589], [18.96137, 49.8817585], [18.9613404, 49.8816489], [18.9613404, 49.8815667], [18.961333, 49.8814594], [18.9612775, 49.8812771], [18.961246, 49.8810637], [18.9612479, 49.8809576], [18.9612017, 49.8808313], [18.9611721, 49.8807252], [18.9611739, 49.8804595], [18.961222, 49.880177], [18.9612923, 49.8797658], [18.9613422, 49.8793808], [18.9613922, 49.8790769], [18.9614957, 49.8782974], [18.9616197, 49.877382], [18.9616751, 49.8769469], [18.9617269, 49.8764153], [18.961738, 49.876289], [18.961751, 49.876264], [18.9617972, 49.8762282], [18.9618231, 49.876196], [18.9618342, 49.8761555], [18.9618731, 49.8759898], [18.9618657, 49.8758909], [18.9619045, 49.8757169], [18.9620414, 49.8751626], [18.9623739, 49.8744838], [18.9625026, 49.8742599], [18.9626294, 49.8740395], [18.9629412, 49.8734156], [18.9628298, 49.8733856], [18.9628135, 49.8734335], [18.9626719, 49.8737148], [18.962456, 49.8740979], [18.9623933, 49.8741712], [18.9623585, 49.8742161], [18.9622818, 49.8743014], [18.9621541, 49.8745169], [18.9620102, 49.8748131], [18.9619104, 49.8750525], [18.9618755, 49.8751962], [18.9618361, 49.8753144], [18.9617896, 49.8754505], [18.9617432, 49.8755119], [18.96172, 49.8755852], [18.9617432, 49.8756076], [18.9617153, 49.8756421], [18.9616712, 49.8758276], [18.961655, 49.8759144], [18.9616178, 49.8759578], [18.9615946, 49.8760371], [18.9615714, 49.8761927], [18.9616062, 49.8762406], [18.9616294, 49.876278], [18.9616225, 49.8763408], [18.9615482, 49.876872], [18.9615226, 49.8769273], [18.9615226, 49.8769947], [18.961518, 49.8771189], [18.9614785, 49.8771922], [18.9614901, 49.87727], [18.9614437, 49.8777802], [18.9612202, 49.8792593], [18.9611375, 49.8796766], [18.9610655, 49.8804534], [18.9610547, 49.8806829], [18.9610691, 49.880829], [18.9611087, 49.8810191], [18.9611343, 49.8811972], [18.9611597, 49.8814572], [18.9611977, 49.8817792], [18.9612944, 49.8824176], [18.9613873, 49.8831387], [18.9614952, 49.8839419], [18.9616262, 49.8848643], [18.9616943, 49.8853191], [18.9617793, 49.8859017], [18.9618644, 49.886309], [18.9619267, 49.8865611], [18.962077, 49.8869848], [18.9622726, 49.8873373], [18.9624682, 49.8876661], [18.9626241, 49.887856], [18.9630862, 49.888351], [18.9636106, 49.8888916], [18.9647559, 49.8900404], [18.9654844, 49.8907764], [18.9657622, 49.8909809], [18.9659578, 49.8911416], [18.966281, 49.8913316], [18.9665588, 49.8914612], [18.966933, 49.8916037], [18.9676785, 49.8918393], [18.9694049, 49.8924091], [18.9710463, 49.8929314], [18.9727868, 49.8935431], [18.9728832, 49.8936089], [18.9730164, 49.8936326], [18.9755848, 49.8947868], [18.9775748, 49.8957309], [18.9776655, 49.8958039], [18.9778299, 49.8958788], [18.9798936, 49.8968758], [18.9811268, 49.8974784], [18.9813961, 49.8976373], [18.9816285, 49.8978017], [18.9818808, 49.8979806], [18.9820821, 49.898165], [18.9823174, 49.8984134], [18.9825442, 49.8986836], [18.9827228, 49.8989155], [18.9828929, 49.8991657], [18.9830318, 49.8993501], [18.9831281, 49.8995473], [18.9832104, 49.899823], [18.9834116, 49.9005425], [18.9836809, 49.9015084], [18.9840778, 49.9030622], [18.9844492, 49.9044279], [18.9848347, 49.9058374], [18.985121, 49.9069474], [18.9854895, 49.9083112], [18.9856812, 49.909019], [18.9858014, 49.9094194], [18.9859885, 49.9101678], [18.9862124, 49.9108926], [18.9863541, 49.9113453], [18.9864557, 49.9118205], [18.98647, 49.9120786], [18.9864609, 49.9122732], [18.9864376, 49.9125029], [18.9863076, 49.9125394], [18.9865692, 49.9126725]]]}, "properties": {"intermittent": "no", "natural": "water", "water": "river", "osm_id": 389422677, "osm_type": "way"}}, {"type": "Feature", "geometry": {"type": "Polygon", "coordinates": [[[19.0175666, 49.9487119], [19.0179869, 49.9486407], [19.0188821, 49.9490463], [19.0198577, 49.9494797], [19.020033, 49.9495576], [19.0204715, 49.9499279], [19.0211292, 49.9502159], [19.0212329, 49.9503909], [19.0207709, 49.9503041], [19.020178, 49.9502601], [19.0192999, 49.9498712], [19.0183991, 49.9494823], [19.0177491, 49.9490494], [19.0175666, 49.9487119]]]}, "properties": {"natural": "water", "osm_id": 408426051, "osm_type": "way"}}, {"type": "Feature", "geometry": {"type": "Polygon", "coordinates": [[[18.9297275, 49.9234146], [18.9296527, 49.9234162], [18.9296222, 49.9233841], [18.9296043, 49.9233652], [18.9297622, 49.9233633], [18.9298249, 49.9232403], [18.9304091, 49.9233629], [18.930652, 49.9234177], [18.9306496, 49.9234721], [18.93071, 49.923511], [18.9308138, 49.9235623], [18.9308403, 49.923654], [18.9308403, 49.9237254], [18.9307896, 49.9237037], [18.930792, 49.9236555], [18.9307534, 49.923598], [18.93064, 49.9235141], [18.9305507, 49.9234519], [18.9304589, 49.9234239], [18.9302031, 49.9233867], [18.9299448, 49.9234006], [18.9297275, 49.9234146]]]}, "properties": {"natural": "water", "osm_id": 409597925, "osm_type": "way"}}, {"type": "Feature", "geometry": {"type": "Polygon", "coordinates": [[[18.9724173, 49.9091018], [18.9724293, 49.9091784], [18.9741919, 49.909241], [18.9761578, 49.9093092], [18.9773571, 49.9093225], [18.9779563, 49.9093605], [18.9783198, 49.9094258], [18.9784355, 49.9094868], [18.9785782, 49.9095724], [18.978719, 49.909697], [18.9788274, 49.9098345], [18.9789823, 49.9101116], [18.9791888, 49.910515], [18.9793094, 49.9107427], [18.9794796, 49.9109428], [18.9795725, 49.9110209], [18.979717, 49.9111131], [18.9800072, 49.9112493], [18.9802819, 49.9113681], [18.9805695, 49.9115126], [18.9810713, 49.9117494], [18.9814415, 49.9118823], [18.9816285, 49.9119288], [18.9817626, 49.9119412], [18.9819465, 49.9119286], [18.9820915, 49.9119146], [18.982432, 49.9118681], [18.9839889, 49.911648], [18.9843539, 49.9115974], [18.984599, 49.9115666], [18.9847473, 49.9115666], [18.9848672, 49.9115666], [18.9850788, 49.9116115], [18.9852181, 49.911648], [18.9853832, 49.9117028], [18.9855418, 49.9117784], [18.9856824, 49.9118607], [18.9857753, 49.9119146], [18.9858604, 49.9120002], [18.9859468, 49.9120965], [18.9859894, 49.9121572], [18.986041, 49.9122228], [18.9861055, 49.9122976], [18.9861906, 49.9123831], [18.9862615, 49.912477], [18.9863076, 49.9125394], [18.9864376, 49.9125029], [18.986396, 49.9124952], [18.9863178, 49.9123981], [18.9862353, 49.912305], [18.9861169, 49.9121375], [18.9858615, 49.9118998], [18.9856641, 49.9117548], [18.985288, 49.9115933], [18.9849676, 49.9115081], [18.9847354, 49.9114842], [18.9845195, 49.9114976], [18.9827665, 49.9117473], [18.9820819, 49.9118387], [18.9819209, 49.9118638], [18.9817056, 49.9118698], [18.9814371, 49.9118065], [18.9812275, 49.9117285], [18.980828, 49.9115451], [18.9803762, 49.9113384], [18.9800225, 49.9111592], [18.9797868, 49.9110664], [18.9796558, 49.9109863], [18.9795477, 49.9108829], [18.9794626, 49.9107838], [18.9793611, 49.9106004], [18.9792661, 49.9103642], [18.9790369, 49.9099762], [18.978847, 49.9097], [18.9787324, 49.9095545], [18.9785163, 49.9094174], [18.9783558, 49.9093562], [18.9781266, 49.9093035], [18.9777992, 49.9092571], [18.9762274, 49.909215], [18.9745509, 49.9091707], [18.9724913, 49.9091032], [18.9724173, 49.9091018]]]}, "properties": {"natural": "water", "osm_id": 413389540, "osm_type": "way"}}, {"type": "Feature", "geometry": {"type": "Polygon", "coordinates": [[[18.9724173, 49.9091018], [18.9722441, 49.9090974], [18.9714439, 49.9090769], [18.9707309, 49.9090492], [18.9701213, 49.9090255], [18.9697295, 49.9090319], [18.9694126, 49.9090512], [18.9682222, 49.9093084], [18.9666451, 49.9096957], [18.965617, 49.909948], [18.9653176, 49.9099817], [18.9649582, 49.9099849], [18.9647062, 49.9099753], [18.9643992, 49.909903], [18.9641247, 49.909829], [18.9638802, 49.9096973], [18.9632189, 49.9092296], [18.9623081, 49.9085739], [18.9620136, 49.9084711], [18.9616892, 49.9084261], [18.9610903, 49.9084084], [18.9598176, 49.9084389], [18.9592437, 49.9084486], [18.9588943, 49.9084052], [18.9585599, 49.9083393], [18.9582754, 49.9082397], [18.9580244, 49.9081148], [18.9579408, 49.9080732], [18.9576166, 49.9079118], [18.9562491, 49.9072465], [18.9558399, 49.9070472], [18.9557101, 49.9069475], [18.9553657, 49.9066245], [18.9552709, 49.9064959], [18.955206, 49.9062661], [18.9551636, 49.9060636], [18.9552235, 49.9055204], [18.9553059, 49.9046782], [18.9553059, 49.9044387], [18.9552135, 49.9042716], [18.9551536, 49.9041382], [18.9549465, 49.9039421], [18.9547319, 49.903783], [18.9544774, 49.9036094], [18.9538835, 49.9031947], [18.9531623, 49.9026756], [18.9529352, 49.9025004], [18.9527306, 49.9024071], [18.952466, 49.9023091], [18.9521491, 49.9022239], [18.9518073, 49.9021693], [18.9514404, 49.9020937], [18.9511909, 49.9020423], [18.9510511, 49.9019764], [18.9509538, 49.9019137], [18.950869, 49.9019442], [18.9509863, 49.9020198], [18.9509802, 49.9020466], [18.9509663, 49.9021082], [18.9516276, 49.9022143], [18.9519224, 49.9022628], [18.95228, 49.9023286], [18.9525265, 49.9024231], [18.9527375, 49.9025261], [18.9530241, 49.9026863], [18.9536104, 49.9031112], [18.9542079, 49.9035461], [18.954761, 49.9039237], [18.9550075, 49.9041068], [18.9550719, 49.9041769], [18.9551363, 49.9043014], [18.9551896, 49.9045074], [18.9552119, 49.9046705], [18.9551763, 49.9049265], [18.9551319, 49.9053342], [18.9551119, 49.9056704], [18.9550853, 49.9059308], [18.9550786, 49.9061081], [18.9551141, 49.9063184], [18.9551608, 49.9065001], [18.9552496, 49.9066446], [18.955434, 49.9068205], [18.9556583, 49.9070151], [18.955796, 49.907108], [18.9561469, 49.9072768], [18.9567156, 49.9075472], [18.9570334, 49.9077142], [18.9574641, 49.9079406], [18.9576585, 49.9080339], [18.9578856, 49.9081428], [18.9580216, 49.9082081], [18.9581726, 49.9082882], [18.9582837, 49.9083354], [18.9585124, 49.9083969], [18.9588434, 49.908467], [18.9588998, 49.9084765], [18.9590544, 49.9085027], [18.9593942, 49.9085156], [18.9607757, 49.9084741], [18.9612555, 49.9084612], [18.9616975, 49.9084927], [18.9619907, 49.9085413], [18.9621328, 49.9085928], [18.9622728, 49.9086486], [18.9624349, 49.9087602], [18.9635366, 49.9095712], [18.9636578, 49.9096545], [18.9638675, 49.9097987], [18.9639608, 49.9098401], [18.9641407, 49.9098974], [18.9644095, 49.9099732], [18.9646893, 49.910029], [18.9650492, 49.9100447], [18.9653846, 49.910039], [18.9657044, 49.9099989], [18.9666239, 49.9097701], [18.9682431, 49.9093781], [18.9693248, 49.9091292], [18.9694914, 49.9090963], [18.9696447, 49.9090878], [18.9701, 49.9090749], [18.9709973, 49.909125], [18.9718502, 49.9091521], [18.9722469, 49.9091701], [18.9724293, 49.9091784], [18.9724173, 49.9091018]]]}, "properties": {"natural": "water", "osm_id": 413706404, "osm_type": "way"}}, {"type": "Feature", "geometry": {"type": "Polygon", "coordinates": [[[18.9523985, 49.933699], [18.9523054, 49.9336716], [18.9521608, 49.9334563], [18.952206, 49.9333806], [18.9527183, 49.9332623], [18.9528237, 49.9332934], [18.9529171, 49.9335048], [18.9529179, 49.9335576], [18.9523985, 49.933699]]]}, "properties": {"natural": "water", "osm_id": 432577662, "osm_type": "way"}}, {"type": "Feature", "geometry": {"type": "Polygon", "coordinates": [[[18.958434, 49.9458121], [18.9584609, 49.9458879], [18.9584626, 49.9459984], [18.9583835, 49.9460547], [18.9581276, 49.9460449], [18.9580855, 49.9460092], [18.9580771, 49.9459236], [18.9581293, 49.9458402], [18.9581798, 49.9457861], [18.9582875, 49.9457839], [18.9583548, 49.9457861], [18.958434, 49.9458121]]]}, "properties": {"natural": "water", "water": "pond", "osm_id": 437327097, "osm_type": "way"}}, {"type": "Feature", "geometry": {"type": "Polygon", "coordinates": [[[18.9846589, 49.9240452], [18.9846523, 49.9240321], [18.9846394, 49.924021], [18.9846215, 49.9240134], [18.9846007, 49.9240101], [18.9845802, 49.9240112], [18.9845613, 49.9240164], [18.984546, 49.9240253], [18.9845359, 49.9240368], [18.984532, 49.9240498], [18.9845348, 49.9240629], [18.9845439, 49.9240748], [18.9845583, 49.9240842], [18.9845767, 49.9240901], [18.9845971, 49.924092], [18.9846181, 49.9240894], [18.9846367, 49.9240824], [18.9846506, 49.9240719], [18.9846583, 49.924059], [18.9846589, 49.9240452]]]}, "properties": {"natural": "water", "water": "wastewater", "osm_id": 456106406, "osm_type": "way"}}, {"type": "Feature", "geometry": {"type": "Polygon", "coordinates": [[[18.984657, 49.9246704], [18.9846383, 49.9245884], [18.9847478, 49.9245776], [18.9847497, 49.9245872], [18.984805, 49.9245812], [18.9848134, 49.9246258], [18.9847937, 49.9246282], [18.9847994, 49.9246555], [18.984657, 49.9246704]]]}, "properties": {"natural": "water", "water": "basin", "osm_id": 456106407, "osm_type": "way"}}, {"type": "Feature", "geometry": {"type": "Polygon", "coordinates": [[[18.9920502, 49.9343378], [18.9920574, 49.9342961], [18.9919096, 49.9342423], [18.9915197, 49.9341438], [18.9910855, 49.934136], [18.9909181, 49.9341349], [18.9908764, 49.9341632], [18.9909739, 49.9342293], [18.9910557, 49.9342776], [18.9911506, 49.934304], [18.9913042, 49.9343232], [18.9916163, 49.9343337], [18.9920502, 49.9343378]]]}, "properties": {"intermittent": "yes", "natural": "water", "water": "reservoir", "osm_id": 887793076, "osm_type": "way"}}, {"type": "Feature", "geometry": {"type": "Polygon", "coordinates": [[[19.0014739, 49.9023054], [19.0015113, 49.9022198], [19.00158, 49.9022015], [19.001713, 49.9022015], [19.0018206, 49.9022005], [19.0018565, 49.9022149], [19.0018385, 49.9022534], [19.0017982, 49.9022968], [19.0017549, 49.9023064], [19.001704, 49.9023073], [19.0016517, 49.9022842], [19.001592, 49.9023035], [19.0015367, 49.9023073], [19.0014739, 49.9023054]]]}, "properties": {"natural": "water", "water": "pond", "osm_id": 890777989, "osm_type": "way"}}, {"type": "Feature", "geometry": {"type": "Polygon", "coordinates": [[[19.0112708, 49.9175748], [19.0112899, 49.9175641], [19.0113134, 49.917558], [19.0113386, 49.9175571], [19.011363, 49.9175615], [19.0113838, 49.9175708], [19.0113988, 49.9175839], [19.0114065, 49.9175994], [19.0114058, 49.9176157], [19.011397, 49.917631], [19.011381, 49.9176436], [19.0113595, 49.9176522], [19.0113347, 49.9176558], [19.0113094, 49.9176541], [19.0112864, 49.9176471], [19.0112682, 49.9176357], [19.0112567, 49.9176211], [19.0112532, 49.9176049], [19.0112581, 49.9175889], [19.0112708, 49.9175748]]]}, "properties": {"natural": "water", "water": "wastewater", "osm_id": 890792338, "osm_type": "way"}}, {"type": "Feature", "geometry": {"type": "Polygon", "coordinates": [[[19.011554, 49.9176573], [19.0116533, 49.9174231], [19.0118953, 49.9174656], [19.011796, 49.9176999], [19.011554, 49.9176573]]]}, "properties": {"intermittent": "yes", "natural": "water", "water": "basin", "osm_id": 890792339, "osm_type": "way"}}, {"type": "Feature", "geometry": {"type": "Polygon", "coordinates": [[[19.0126753, 49.9205723], [19.0125885, 49.9204961], [19.0125925, 49.9204022], [19.0126832, 49.9204365], [19.0127739, 49.9204174], [19.0128291, 49.9204403], [19.0128192, 49.9205025], [19.012764, 49.9205431], [19.0126753, 49.9205723]]]}, "properties": {"natural": "water", "water": "pond", "osm_id": 890792341, "osm_type": "way"}}, {"type": "Feature", "geometry": {"type": "Polygon", "coordinates": [[[18.9847727, 49.9239567], [18.9847323, 49.9238094], [18.9847767, 49.9238082], [18.9847747, 49.9237904], [18.9849127, 49.9237752], [18.9849502, 49.9239212], [18.9848969, 49.9239281], [18.9849029, 49.9239472], [18.9847727, 49.9239567]]]}, "properties": {"intermittent": "yes", "natural": "water", "water": "basin", "osm_id": 890933400, "osm_type": "way"}}, {"type": "Feature", "geometry": {"type": "Polygon", "coordinates": [[[18.9843874, 49.9238238], [18.9844087, 49.9238137], [18.9844339, 49.9238086], [18.9844603, 49.9238092], [18.9844849, 49.9238154], [18.984505, 49.9238264], [18.9845182, 49.9238411], [18.9845232, 49.9238578], [18.9845194, 49.9238746], [18.9845071, 49.9238897], [18.9844878, 49.9239013], [18.9844637, 49.9239082], [18.9844388, 49.9239096], [18.9844144, 49.9239059], [18.9843931, 49.9238975], [18.9843769, 49.9238853], [18.9843675, 49.9238703], [18.9843658, 49.9238543], [18.9843726, 49.9238379], [18.9843874, 49.9238238]]]}, "properties": {"natural": "water", "water": "wastewater", "osm_id": 890933403, "osm_type": "way"}}, {"type": "Feature", "geometry": {"type": "Polygon", "coordinates": [[[18.9842418, 49.9237937], [18.9842526, 49.9237871], [18.9842662, 49.923783], [18.984281, 49.923782], [18.9842956, 49.9237841], [18.9843084, 49.9237891], [18.9843179, 49.9237965], [18.9843232, 49.9238055], [18.9843237, 49.9238151], [18.9843194, 49.9238244], [18.9843107, 49.9238322], [18.9842985, 49.9238378], [18.9842842, 49.9238405], [18.9842689, 49.9238401], [18.9842547, 49.9238365], [18.9842431, 49.92383], [18.9842355, 49.9238215], [18.9842327, 49.9238118], [18.984235, 49.9238022], [18.9842418, 49.9237937]]]}, "properties": {"natural": "water", "water": "wastewater", "osm_id": 890933404, "osm_type": "way"}}, {"type": "Feature", "geometry": {"type": "Polygon", "coordinates": [[[18.9845529, 49.9237586], [18.9845645, 49.9237527], [18.9845785, 49.9237495], [18.9845933, 49.9237494], [18.9846073, 49.9237524], [18.9846192, 49.9237581], [18.9846275, 49.923766], [18.9846315, 49.9237752], [18.9846307, 49.9237847], [18.9846252, 49.9237935], [18.9846155, 49.9238007], [18.9846028, 49.9238056], [18.9845878, 49.9238076], [18.9845727, 49.9238062], [18.9845591, 49.9238017], [18.9845486, 49.9237946], [18.9845423, 49.9237856], [18.9845411, 49.9237758], [18.9845448, 49.9237665], [18.9845529, 49.9237586]]]}, "properties": {"natural": "water", "water": "wastewater", "osm_id": 890933405, "osm_type": "way"}}, {"type": "Feature", "geometry": {"type": "Polygon", "coordinates": [[[18.9843487, 49.9204403], [18.9841918, 49.920397], [18.984023, 49.9203354], [18.9838944, 49.9202565], [18.9838421, 49.920192], [18.9838735, 49.9201526], [18.9839497, 49.9201478], [18.9840887, 49.920141], [18.984138, 49.920141], [18.9843159, 49.9202411], [18.9844309, 49.9203123], [18.9844758, 49.9203488], [18.9844563, 49.9203883], [18.9843487, 49.9204403]]]}, "properties": {"natural": "water", "water": "pond", "osm_id": 890933413, "osm_type": "way"}}, {"type": "Feature", "geometry": {"type": "Polygon", "coordinates": [[[19.0106276, 49.9279794], [19.0106009, 49.9280565], [19.0105149, 49.9281052], [19.0104429, 49.92811], [19.0103954, 49.9280824], [19.0103603, 49.9280639], [19.0103248, 49.928008], [19.0103003, 49.9279334], [19.0102902, 49.9278934], [19.0102818, 49.9278459], [19.0102764, 49.9277942], [19.0102904, 49.9277684], [19.0103369, 49.9277519], [19.0104003, 49.9277446], [19.0104694, 49.9277567], [19.0105642, 49.9278006], [19.0106328, 49.927887], [19.0106276, 49.9279794]]]}, "properties": {"natural": "water", "osm_id": 1026061265, "osm_type": "way"}}, {"type": "Feature", "geometry": {"type": "Polygon", "coordinates": [[[18.9583974, 49.9481324], [18.9586755, 49.9476428], [18.958658, 49.9475779], [18.9583473, 49.9474742], [18.9574667, 49.947296], [18.9571453, 49.947832], [18.9583974, 49.9481324]]]}, "properties": {"natural": "water", "water": "reservoir", "osm_id": 1093749210, "osm_type": "way"}}, {"type": "Feature", "geometry": {"type": "Polygon", "coordinates": [[[18.9387176, 49.946879], [18.938589, 49.9472315], [18.9385386, 49.9472315], [18.9384086, 49.947211], [18.9384047, 49.9471837], [18.9385306, 49.9468603], [18.9385519, 49.9468423], [18.9386354, 49.9468466], [18.9386858, 49.946856], [18.9387176, 49.946879]]]}, "properties": {"natural": "water", "osm_id": 1101566288, "osm_type": "way"}}, {"type": "Feature", "geometry": {"type": "Polygon", "coordinates": [[[18.9473048, 49.9327817], [18.946509, 49.9326911], [18.9464276, 49.9329079], [18.9469939, 49.9330152], [18.9470383, 49.933201], [18.9470716, 49.9333344], [18.9472678, 49.9334249], [18.9475157, 49.9333582], [18.9474306, 49.9330676], [18.9473048, 49.9327817]]]}, "properties": {"natural": "water", "osm_id": 1101574549, "osm_type": "way"}}, {"type": "Feature", "geometry": {"type": "Polygon", "coordinates": [[[18.9462351, 49.9324743], [18.9458909, 49.9324577], [18.9457244, 49.9322647], [18.9456096, 49.9320789], [18.9456651, 49.931793], [18.9459797, 49.9317811], [18.9462721, 49.9318192], [18.9463388, 49.9319121], [18.9461648, 49.9320836], [18.9461056, 49.932217], [18.9462129, 49.9323528], [18.9462351, 49.9324743]]]}, "properties": {"natural": "water", "osm_id": 1101574550, "osm_type": "way"}}, {"type": "Feature", "geometry": {"type": "Polygon", "coordinates": [[[18.9973543, 49.9248432], [18.9973164, 49.924851], [18.9972794, 49.924846], [18.99726, 49.9248325], [18.9972445, 49.9248113], [18.997232, 49.9247969], [18.9972092, 49.9248035], [18.9971877, 49.9247963], [18.9971863, 49.9247799], [18.9971972, 49.9247636], [18.997238, 49.9247589], [18.9972714, 49.9247656], [18.9973114, 49.9247901], [18.9973455, 49.924803], [18.9973612, 49.9248224], [18.9973543, 49.9248432]]]}, "properties": {"name": "Ogrody deszczowe", "natural": "water", "water": "reservoir", "osm_id": 1274413294, "osm_type": "way"}}, {"type": "Feature", "geometry": {"type": "Polygon", "coordinates": [[[19.0063251, 49.9330879], [19.0063117, 49.933001], [19.0063226, 49.9329203], [19.006375, 49.9328921], [19.0064444, 49.9328921], [19.0065028, 49.9329116], [19.0065271, 49.9329516], [19.0065393, 49.9330151], [19.0065393, 49.9330628], [19.0065466, 49.9330957], [19.0065064, 49.9331012], [19.006465, 49.9331028], [19.0063957, 49.9331153], [19.0063251, 49.9330879]]]}, "properties": {"natural": "water", "water": "pond", "osm_id": 1276206130, "osm_type": "way"}}, {"type": "Feature", "geometry": {"type": "Polygon", "coordinates": [[[18.9518728, 49.9483459], [18.9518815, 49.9483527], [18.9518942, 49.948357], [18.9519084, 49.9483593], [18.9519247, 49.9483612], [18.9519343, 49.9483544], [18.951943, 49.9483432], [18.9519455, 49.9483292], [18.9519435, 49.9483223], [18.9519481, 49.9483158], [18.9519736, 49.9482833], [18.9519871, 49.948287], [18.951992, 49.9482798], [18.9519921, 49.9482739], [18.9519834, 49.9482717], [18.9519697, 49.94827], [18.9519604, 49.9482799], [18.9519347, 49.9483119], [18.9519277, 49.9483171], [18.9519115, 49.9483174], [18.9518957, 49.9483207], [18.9518815, 49.9483275], [18.9518734, 49.948337], [18.9518728, 49.9483459]]]}, "properties": {"intermittent": "no", "natural": "water", "water": "basin", "osm_id": 1295400905, "osm_type": "way"}}, {"type": "Feature", "geometry": {"type": "Polygon", "coordinates": [[[18.9515847, 49.9486704], [18.9515648, 49.9486669], [18.9515551, 49.9486578], [18.9515515, 49.9486433], [18.9515648, 49.9486242], [18.9515595, 49.9486123], [18.9515586, 49.9486046], [18.9515613, 49.9485898], [18.9515595, 49.9485764], [18.9515723, 49.948561], [18.9515834, 49.9485514], [18.9516028, 49.9485502], [18.9516223, 49.9485499], [18.9516418, 49.9485391], [18.9516555, 49.9485294], [18.9516599, 49.9485195], [18.9516696, 49.9485192], [18.951686, 49.9485263], [18.9517002, 49.948528], [18.9517214, 49.9485269], [18.9517395, 49.9485172], [18.9517718, 49.9484902], [18.9517926, 49.9484808], [18.9518196, 49.9484606], [18.9518271, 49.9484475], [18.9518205, 49.9484312], [18.9517935, 49.9484147], [18.9517763, 49.9484025], [18.951771, 49.9483919], [18.951763, 49.948384], [18.9517462, 49.9483732], [18.951721, 49.9483697], [18.9516913, 49.948376], [18.9516701, 49.9483902], [18.9516595, 49.9484082], [18.9516639, 49.9484187], [18.9516546, 49.9484287], [18.9516435, 49.9484372], [18.9516409, 49.9484418], [18.9516351, 49.9484532], [18.9516338, 49.9484662], [18.9516374, 49.9484785], [18.9516449, 49.9484916], [18.9516493, 49.9485044], [18.9516555, 49.9485142], [18.9516446, 49.9485083], [18.9516376, 49.9485007], [18.9516294, 49.9484909], [18.9516255, 49.9484815], [18.9516208, 49.9484751], [18.9516138, 49.948474], [18.9516042, 49.948482], [18.9516014, 49.9484938], [18.951601, 49.9485036], [18.9516015, 49.9485132], [18.9516064, 49.9485213], [18.9516031, 49.9485301], [18.9515975, 49.9485375], [18.9515928, 49.9485406], [18.9515861, 49.9485397], [18.9515806, 49.948531], [18.9515761, 49.948514], [18.9515689, 49.9485], [18.9515689, 49.9484871], [18.9515724, 49.948475], [18.9515813, 49.9484646], [18.9515979, 49.9484582], [18.9516059, 49.9484551], [18.9516119, 49.9484494], [18.9516138, 49.9484449], [18.9516165, 49.9484404], [18.9516223, 49.9484352], [18.9516269, 49.9484295], [18.95162, 49.9484224], [18.9516071, 49.9484131], [18.9516004, 49.948403], [18.9515967, 49.9483939], [18.9516005, 49.9483867], [18.9516099, 49.948388], [18.9516121, 49.9484015], [18.9516173, 49.9484084], [18.9516232, 49.9484151], [18.9516294, 49.9484192], [18.9516344, 49.9484205], [18.9516384, 49.9484188], [18.9516433, 49.9484106], [18.9516441, 49.9483983], [18.9516419, 49.9483883], [18.9516403, 49.9483814], [18.9516349, 49.9483755], [18.9516253, 49.9483758], [18.951619, 49.9483782], [18.9516118, 49.9483779], [18.9516119, 49.9483726], [18.951619, 49.948368], [18.9516332, 49.9483644], [18.9516424, 49.9483604], [18.9516602, 49.9483558], [18.951676, 49.9483549], [18.9517026, 49.9483552], [18.9517303, 49.9483577], [18.9517534, 49.9483621], [18.951769, 49.94837], [18.9517789, 49.948383], [18.9517846, 49.9483878], [18.9517898, 49.9483919], [18.9517982, 49.9483987], [18.9518087, 49.9484066], [18.9518297, 49.9484145], [18.9518478, 49.9484221], [18.9518594, 49.9484296], [18.9518642, 49.9484393], [18.9518615, 49.9484511], [18.9518463, 49.9484723], [18.9518312, 49.9484836], [18.951818, 49.948493], [18.9518136, 49.9484963], [18.9518069, 49.9485011], [18.9517972, 49.9485008], [18.95179, 49.9485023], [18.9517794, 49.9485065], [18.951765, 49.9485196], [18.9517581, 49.9485272], [18.9517491, 49.9485344], [18.9517363, 49.9485374], [18.9517206, 49.9485422], [18.95171, 49.9485435], [18.9516953, 49.948545], [18.9516802, 49.9485459], [18.9516678, 49.9485481], [18.9516611, 49.9485505], [18.9516555, 49.9485504], [18.951653, 49.9485479], [18.9516486, 49.9485474], [18.951644, 49.9485489], [18.9516423, 49.9485518], [18.951645, 49.9485555], [18.9516492, 49.9485583], [18.9516495, 49.9485618], [18.9516426, 49.9485657], [18.9516337, 49.9485626], [18.9516202, 49.9485603], [18.9516116, 49.9485601], [18.9516044, 49.9485633], [18.9516066, 49.9485693], [18.9515968, 49.9485753], [18.9515838, 49.948578], [18.9515808, 49.9485866], [18.9515789, 49.9485911], [18.9515796, 49.9486066], [18.9515816, 49.9486154], [18.9515804, 49.9486244], [18.9515839, 49.9486275], [18.951591, 49.9486324], [18.9516047, 49.9486382], [18.9516106, 49.9486453], [18.9516123, 49.9486524], [18.9516118, 49.9486605], [18.9516005, 49.9486635], [18.9515953, 49.9486649], [18.9515928, 49.9486679], [18.9515847, 49.9486704]]]}, "properties": {"intermittent": "no", "natural": "water", "water": "basin", "osm_id": 1295421695, "osm_type": "way"}}, {"type": "Feature", "geometry": {"type": "Polygon", "coordinates": [[[18.9800574, 49.9126627], [18.9799632, 49.9126904], [18.9796514, 49.9127014], [18.9791287, 49.912588], [18.9786368, 49.9124695], [18.978334, 49.9124369], [18.9780257, 49.9123746], [18.977686, 49.9123172], [18.9775635, 49.9123067], [18.9773917, 49.9122717], [18.9772924, 49.9122279], [18.9771796, 49.9122031], [18.9771698, 49.9121748], [18.9772394, 49.9121753], [18.9777665, 49.9122528], [18.9782135, 49.9123266], [18.9784558, 49.9123693], [18.9787578, 49.9123982], [18.9789341, 49.9124019], [18.9792126, 49.9124141], [18.9795224, 49.9124364], [18.979735, 49.9124468], [18.9798677, 49.9125053], [18.9799218, 49.9125667], [18.9799795, 49.9125997], [18.9800574, 49.9126627]]]}, "properties": {"intermittent": "no", "natural": "water", "water": "basin", "osm_id": 1297149848, "osm_type": "way"}}, {"type": "Feature", "geometry": {"type": "Polygon", "coordinates": [[[18.9875386, 49.9079301], [18.9874895, 49.9079468], [18.9874612, 49.9079715], [18.9874378, 49.9079832], [18.9873779, 49.9079683], [18.987354, 49.9079341], [18.9873833, 49.9079037], [18.9874283, 49.9078886], [18.9874533, 49.9078719], [18.9874893, 49.9078811], [18.987514, 49.9079017], [18.9875386, 49.9079301]]]}, "properties": {"natural": "water", "water": "basin", "osm_id": 1297149883, "osm_type": "way"}}, {"type": "Feature", "geometry": {"type": "Polygon", "coordinates": [[[18.9424881, 49.9469021], [18.9425227, 49.946801], [18.9432253, 49.9466745], [18.9432481, 49.9466778], [18.9430654, 49.9470207], [18.9424881, 49.9469021]]]}, "properties": {"intermittent": "yes", "natural": "water", "water": "basin", "osm_id": 1356124255, "osm_type": "way"}}, {"type": "Feature", "geometry": {"type": "Polygon", "coordinates": [[[19.0152543, 49.9030305], [19.0152167, 49.9030712], [19.0151791, 49.9030926], [19.0151272, 49.9030858], [19.0151099, 49.903046], [19.0151453, 49.9030179], [19.0151844, 49.9029952], [19.0152175, 49.9029709], [19.0152528, 49.9029622], [19.0153055, 49.9029646], [19.0153228, 49.9029743], [19.0153055, 49.9029971], [19.0152686, 49.9030107], [19.0152543, 49.9030305]]]}, "properties": {"natural": "water", "osm_id": 1389902214, "osm_type": "way"}}, {"type": "Feature", "geometry": {"type": "Polygon", "coordinates": [[[18.9391058, 49.930902], [18.936923, 49.9309107], [18.934743, 49.9297405], [18.9345111, 49.9295481], [18.9345853, 49.9293035], [18.9351333, 49.9287355], [18.9363154, 49.928233], [18.9425542, 49.9248389], [18.9465784, 49.9230394], [18.9486024, 49.9223896], [18.9507026, 49.921863], [18.9516062, 49.9219038], [18.9518922, 49.921948], [18.952086, 49.9220695], [18.9517961, 49.9245824], [18.9517345, 49.9247479], [18.9516205, 49.9250543], [18.9513839, 49.9256901], [18.9507821, 49.9263836], [18.9499449, 49.9269587], [18.9495769, 49.9273392], [18.9493545, 49.9278954], [18.9492929, 49.9287153], [18.9498564, 49.9296829], [18.9497894, 49.9297547], [18.9480282, 49.9296161], [18.9463094, 49.9295718], [18.9446036, 49.9296262], [18.9433626, 49.9298246], [18.9422896, 49.9300719], [18.9413753, 49.9304748], [18.9401957, 49.9309158], [18.9397038, 49.9309871], [18.9391058, 49.930902]]]}, "properties": {"name": "Zabrzeszczak", "natural": "water", "source": "http://ump.waw.pl/ retrieved 15:43:32 04/07/10 (UMP-Katowice\\src\\katowice.woda.txt)", "type": "multipolygon", "osm_id": 1742951, "osm_type": "relation"}}, {"type": "Feature", "geometry": {"type": "Polygon", "coordinates": [[[18.8127673, 49.9214365], [18.8137141, 49.9211499], [18.8144973, 49.920972], [18.8146931, 49.9209806], [18.8147172, 49.9209806], [18.814787, 49.9209703], [18.8148406, 49.9209426], [18.8149586, 49.9208701], [18.815369, 49.9207734], [18.8155273, 49.920687], [18.8155943, 49.920668], [18.8158599, 49.9206197], [18.8159966, 49.9205886], [18.8161683, 49.9205454], [18.8162219, 49.9205195], [18.8164097, 49.9203866], [18.8166028, 49.9203572], [18.8166645, 49.9203417], [18.8167289, 49.9203192], [18.8169515, 49.9202225], [18.8176113, 49.9198339], [18.8182658, 49.9195058], [18.8186842, 49.919321], [18.8192019, 49.9190309], [18.8194755, 49.9188478], [18.8198134, 49.9186164], [18.8203418, 49.9183643], [18.8204035, 49.9184282], [18.8202077, 49.9186509], [18.8200951, 49.9187235], [18.819851, 49.9187891], [18.8197035, 49.9189083], [18.8195264, 49.9191518], [18.8194889, 49.9192485], [18.8195989, 49.9192882], [18.8196605, 49.919226], [18.8197571, 49.919245], [18.8198215, 49.9191794], [18.8198993, 49.9191466], [18.8200548, 49.919119], [18.8201058, 49.9190931], [18.8201648, 49.9190084], [18.8202882, 49.9189704], [18.8203445, 49.9189463], [18.8203901, 49.9189117], [18.8204223, 49.918872], [18.8204545, 49.9187857], [18.8205242, 49.9187822], [18.8205832, 49.9187563], [18.8206127, 49.9185819], [18.8207281, 49.9184731], [18.8207281, 49.9184282], [18.8207549, 49.918385], [18.8207978, 49.918347], [18.8209158, 49.9182917], [18.82094, 49.918252], [18.8209105, 49.9180534], [18.8209185, 49.9180085], [18.8212457, 49.9178531], [18.8213637, 49.9178133], [18.8215837, 49.9177443], [18.8218009, 49.9177287], [18.8218653, 49.9177356], [18.8220263, 49.9177443], [18.8222167, 49.9177857], [18.8223883, 49.9178548], [18.8228175, 49.9180499], [18.8230696, 49.9182106], [18.8233674, 49.9183384], [18.8234398, 49.9183729], [18.8234156, 49.9184247], [18.8233888, 49.9184558], [18.8232735, 49.918499], [18.8232064, 49.9185024], [18.8230026, 49.9184541], [18.8229275, 49.9184437], [18.8228738, 49.918461], [18.8228255, 49.9185387], [18.8228175, 49.9186734], [18.8230321, 49.9188288], [18.823429, 49.9189722], [18.8235792, 49.9190568], [18.8236383, 49.9190775], [18.8238341, 49.9191103], [18.8240647, 49.919207], [18.8242096, 49.919207], [18.8242713, 49.9192226], [18.8243812, 49.9192571], [18.8246173, 49.9193417], [18.824746, 49.9193901], [18.8249043, 49.9193815], [18.8249579, 49.9194056], [18.8253227, 49.9194402], [18.8254541, 49.9194039], [18.825658, 49.9194195], [18.8259181, 49.9194954], [18.8261193, 49.9195403], [18.8264036, 49.9196267], [18.8264894, 49.9196388], [18.8265431, 49.9196854], [18.8268194, 49.9197251], [18.826932, 49.9197579], [18.8270393, 49.9197545], [18.8272217, 49.9197355], [18.8273397, 49.9197234], [18.827455, 49.9196595], [18.8274953, 49.9196163], [18.8274953, 49.9195196], [18.8276964, 49.9193936], [18.8277662, 49.9193072], [18.8278225, 49.9192917], [18.8280049, 49.9193245], [18.8281631, 49.9193141], [18.828249, 49.9193141], [18.8283133, 49.9193279], [18.8284743, 49.9193469], [18.828536, 49.9193366], [18.829118, 49.9194385], [18.8295552, 49.9195248], [18.8297564, 49.9195904], [18.8304296, 49.9199462], [18.8307595, 49.9201241], [18.8309821, 49.9202173], [18.8312075, 49.9202812], [18.8314891, 49.9203261], [18.8317278, 49.9203313], [18.8320067, 49.9203192], [18.8322535, 49.9202743], [18.8324332, 49.9202104], [18.8326934, 49.920093], [18.832967, 49.9199272], [18.8330877, 49.9198944], [18.8331842, 49.9199324], [18.8332245, 49.91996], [18.8332674, 49.920036], [18.8332888, 49.9200843], [18.8332888, 49.9201465], [18.8332969, 49.9202], [18.833541, 49.9202812], [18.833608, 49.920276], [18.8336804, 49.9202708], [18.8337448, 49.9202605], [18.8337985, 49.9202363], [18.8338441, 49.9201776], [18.8339165, 49.9200602], [18.8339862, 49.9200273], [18.8342813, 49.919979], [18.8343456, 49.9199704], [18.8344824, 49.9199721], [18.8348043, 49.920055], [18.8348579, 49.9201102], [18.8348794, 49.9202398], [18.8349438, 49.9202639], [18.8351449, 49.9202778], [18.8352334, 49.9202173], [18.8352227, 49.9201327], [18.8357484, 49.9200602], [18.8357994, 49.9200688], [18.8360515, 49.920276], [18.8361105, 49.9202847], [18.8362151, 49.9202242], [18.8362902, 49.9202432], [18.8363385, 49.920295], [18.8363278, 49.9204798], [18.8364941, 49.9205109], [18.8365638, 49.9204936], [18.836588, 49.9204245], [18.836655, 49.92039], [18.8366631, 49.920333], [18.836529, 49.9201569], [18.8364834, 49.919998], [18.8364646, 49.9199203], [18.8362098, 49.9197355], [18.8362232, 49.9197096], [18.8364324, 49.9198564], [18.8364646, 49.9198426], [18.8364512, 49.919675], [18.8363653, 49.9196077], [18.8363063, 49.9195835], [18.8363439, 49.9195524], [18.8365048, 49.9195317], [18.8365424, 49.9195075], [18.8365665, 49.9195283], [18.8365048, 49.9197182], [18.8365504, 49.9198581], [18.8365987, 49.9199099], [18.8366953, 49.9198909], [18.8366953, 49.9199116], [18.8366282, 49.9199738], [18.8366765, 49.920036], [18.8366657, 49.9201586], [18.8366926, 49.9201983], [18.8368106, 49.9202622], [18.8368723, 49.9202743], [18.8370761, 49.9202432], [18.8372129, 49.9202449], [18.8374034, 49.9202916], [18.8375804, 49.920295], [18.8376823, 49.9203347], [18.8378325, 49.9203606], [18.8379291, 49.9203641], [18.8379613, 49.9204056], [18.8380176, 49.9204349], [18.8381571, 49.9205057], [18.8382161, 49.9205506], [18.8382617, 49.9206059], [18.8385835, 49.920706], [18.8389108, 49.9206905], [18.8390958, 49.9207388], [18.8394231, 49.9207941], [18.8395169, 49.9207976], [18.8397047, 49.9208321], [18.8397664, 49.9208476], [18.8398522, 49.9208753], [18.8398871, 49.920915], [18.8399702, 49.9209513], [18.8400802, 49.9210307], [18.8401124, 49.921067], [18.8401043, 49.9211671], [18.840217, 49.9211689], [18.840276, 49.921174], [18.840445, 49.9211568], [18.8405845, 49.9211447], [18.8406488, 49.9211533], [18.8407078, 49.921174], [18.840909, 49.9212846], [18.8411719, 49.9213295], [18.8412604, 49.9213398], [18.8413864, 49.9213847], [18.8415205, 49.9214072], [18.841593, 49.9214175], [18.8416788, 49.9214849], [18.8418397, 49.921535], [18.8418961, 49.9215764], [18.8420328, 49.9215781], [18.8420919, 49.9215971], [18.8421428, 49.9216265], [18.8421831, 49.9216627], [18.8421884, 49.9217491], [18.842226, 49.9217871], [18.8422474, 49.9218303], [18.8423574, 49.921977], [18.8424888, 49.9221221], [18.8425371, 49.9221532], [18.8425988, 49.9221774], [18.8426632, 49.9221895], [18.8427356, 49.9221946], [18.8428, 49.9221877], [18.8429341, 49.9221584], [18.8430601, 49.9221256], [18.8431272, 49.9221066], [18.8431808, 49.9220789], [18.843433, 49.9220116], [18.8434866, 49.921984], [18.8435295, 49.9219511], [18.8436314, 49.9218423], [18.843669, 49.9217629], [18.8435912, 49.9216869], [18.8435993, 49.921642], [18.8436636, 49.9215885], [18.8439909, 49.9214452], [18.8440981, 49.9213588], [18.8442054, 49.921307], [18.8443422, 49.9212656], [18.8444522, 49.9212414], [18.8446158, 49.9212379], [18.8446802, 49.9212466], [18.8447392, 49.921269], [18.8447902, 49.9212949], [18.844876, 49.9213605], [18.8449377, 49.9213778], [18.8451388, 49.9213536], [18.845458, 49.9212863], [18.8455304, 49.921288], [18.8458335, 49.9213968], [18.8463807, 49.9214331], [18.8465551, 49.9215021], [18.8466248, 49.9215056], [18.8467374, 49.9214624], [18.8468716, 49.9214538], [18.8470003, 49.9213554], [18.8471961, 49.9213156], [18.84729, 49.9212552], [18.8474858, 49.9212172], [18.8475341, 49.9211878], [18.8475662, 49.9211084], [18.8475931, 49.9210842], [18.8476387, 49.9210531], [18.8477567, 49.9210549], [18.8477969, 49.9210152], [18.8478264, 49.9209893], [18.8478962, 49.9209927], [18.8479096, 49.9210186], [18.847982, 49.9210255], [18.8481188, 49.9210221], [18.8482261, 49.9210307], [18.8483065, 49.9210566], [18.8484594, 49.921105], [18.8485292, 49.9210911], [18.8486016, 49.9210773], [18.8486016, 49.9210566], [18.848497, 49.9209875], [18.8483199, 49.9209944], [18.8481939, 49.9209599], [18.8480651, 49.9209444], [18.8479069, 49.9208615], [18.8477164, 49.9208148], [18.8476199, 49.9207803], [18.8473812, 49.9206957], [18.8471237, 49.920618], [18.8469198, 49.9205247], [18.8467348, 49.9204712], [18.8466838, 49.9204435], [18.8465068, 49.9203037], [18.8463378, 49.9201828], [18.8462761, 49.9201759], [18.8461581, 49.9201603], [18.846024, 49.9201379], [18.8457772, 49.9200757], [18.8456136, 49.9200412], [18.8454446, 49.9199997], [18.8452005, 49.9199824], [18.8451308, 49.9199842], [18.8450101, 49.9200239], [18.844817, 49.9200084], [18.8446346, 49.9200584], [18.844302, 49.9200671], [18.8440499, 49.9201258], [18.8439265, 49.920131], [18.8437709, 49.92015], [18.8437065, 49.9201603], [18.8435805, 49.9201914], [18.8433123, 49.9201862], [18.843213, 49.9202225], [18.8430816, 49.9202415], [18.8430145, 49.9202467], [18.8428509, 49.9202553], [18.8427865, 49.9202639], [18.8426632, 49.9202864], [18.8424861, 49.9203157], [18.8420838, 49.9203606], [18.8418236, 49.9203468], [18.8417593, 49.9203589], [18.8415608, 49.9203417], [18.8414964, 49.9203503], [18.8413677, 49.9203814], [18.8408285, 49.9204004], [18.8407052, 49.9204228], [18.8406247, 49.9204608], [18.8405523, 49.9204574], [18.840504, 49.9204228], [18.840504, 49.9203727], [18.8405415, 49.9203365], [18.8405549, 49.9203002], [18.8406596, 49.9202726], [18.8408393, 49.9202726], [18.8410029, 49.9202847], [18.8414159, 49.9202847], [18.8415071, 49.9202847], [18.8419551, 49.9202294], [18.8421482, 49.9201724], [18.8422877, 49.9201724], [18.8424888, 49.9201327], [18.8427624, 49.9201275], [18.8430306, 49.9200947], [18.8432372, 49.9200826], [18.8435698, 49.9200187], [18.8437843, 49.9199583], [18.8439909, 49.9199531], [18.8441223, 49.9199358], [18.8442537, 49.9199065], [18.8443905, 49.9199099], [18.8447258, 49.9199047], [18.8449243, 49.9198806], [18.8449967, 49.9198788], [18.845627, 49.9198736], [18.8456994, 49.9198754], [18.8458362, 49.9198978], [18.8459033, 49.9199099], [18.8460293, 49.9199427], [18.846193, 49.9200135], [18.8462895, 49.9200308], [18.8464183, 49.9200705], [18.8466784, 49.9201845], [18.8467777, 49.9202415], [18.8469091, 49.9202829], [18.8469627, 49.9203088], [18.8469788, 49.9203555], [18.8470325, 49.9203831], [18.8470915, 49.9204021], [18.8472927, 49.9204349], [18.8474402, 49.9204746], [18.8477728, 49.9205765], [18.8478425, 49.9205782], [18.8479042, 49.9205782], [18.84799, 49.9206076], [18.8480303, 49.9206439], [18.8481724, 49.9206888], [18.8482261, 49.9206801], [18.8487142, 49.9206801], [18.8489905, 49.9206646], [18.8491917, 49.9206421], [18.8495377, 49.9206439], [18.8496047, 49.9206439], [18.8498998, 49.920637], [18.8502485, 49.920649], [18.8504416, 49.9206888], [18.8507232, 49.9206853], [18.8508707, 49.9206957], [18.8512248, 49.9207216], [18.8514206, 49.9207578], [18.8514903, 49.9207578], [18.8517505, 49.9207078], [18.8518256, 49.9206957], [18.8518819, 49.9207181], [18.852016, 49.9207371], [18.852075, 49.9207561], [18.8521528, 49.9207717], [18.8521555, 49.9208062], [18.8519919, 49.9208045], [18.8519114, 49.9208148], [18.8518068, 49.9208632], [18.8516888, 49.920896], [18.8516164, 49.9208995], [18.8515386, 49.9208805], [18.8514018, 49.9209184], [18.851214, 49.920953], [18.8511738, 49.9210083], [18.8512865, 49.9210791], [18.8513213, 49.9211032], [18.8514554, 49.9210877], [18.8514823, 49.921067], [18.8514984, 49.9210221], [18.8515332, 49.9210065], [18.8515949, 49.9210083], [18.8516593, 49.9210238], [18.851721, 49.9210721], [18.8518497, 49.9210998], [18.8519517, 49.9210877], [18.8520241, 49.9210652], [18.8520965, 49.9210618], [18.8521636, 49.9210687], [18.8522065, 49.9211032], [18.8522172, 49.9211447], [18.852244, 49.921155], [18.8523003, 49.9211516], [18.8523728, 49.9211309], [18.8524345, 49.9211101], [18.8525686, 49.9210601], [18.8526651, 49.9209996], [18.8526973, 49.9209944], [18.8527858, 49.9209996], [18.8528448, 49.9210083], [18.8529709, 49.9209806], [18.853038, 49.9209582], [18.8530809, 49.9209305], [18.8531479, 49.9209495], [18.8531721, 49.920972], [18.8531935, 49.9209772], [18.8532606, 49.9209772], [18.8533276, 49.9209703], [18.853392, 49.9209547], [18.8534698, 49.9209288], [18.853671, 49.9209115], [18.853738, 49.9208338], [18.8537541, 49.9208269], [18.8537729, 49.9208269], [18.8538399, 49.9208373], [18.8538828, 49.9208373], [18.8539714, 49.9208286], [18.8540277, 49.9208511], [18.8540706, 49.9208995], [18.8541242, 49.9209202], [18.8544005, 49.9209064], [18.8545266, 49.9209461], [18.8547894, 49.9209789], [18.854835, 49.9210117], [18.8548645, 49.9210134], [18.8549289, 49.9210013], [18.8550147, 49.9209426], [18.8550764, 49.9209236], [18.8551462, 49.9209167], [18.8552132, 49.9209305], [18.8554171, 49.920915], [18.8555512, 49.9209409], [18.8556182, 49.9209426], [18.8558462, 49.9209651], [18.8560528, 49.9209564], [18.8561815, 49.9209858], [18.8563156, 49.9209789], [18.8566348, 49.9210531], [18.8570425, 49.9210531], [18.8571069, 49.9210462], [18.8571337, 49.9210117], [18.8571337, 49.9209772], [18.8571739, 49.9209772], [18.8572517, 49.9210411], [18.8573027, 49.9210065], [18.8572651, 49.9209254], [18.8572866, 49.920915], [18.8573724, 49.9209254], [18.8574716, 49.9208908], [18.8575628, 49.9207596], [18.8576406, 49.920687], [18.8576916, 49.9206249], [18.8577345, 49.9205903], [18.8577962, 49.9205679], [18.8578632, 49.9205541], [18.8579276, 49.9205454], [18.8579732, 49.9205454], [18.8580027, 49.9205955], [18.8580108, 49.9206577], [18.8581181, 49.9206629], [18.8581797, 49.9206542], [18.8581797, 49.9206214], [18.8581797, 49.9205765], [18.8582039, 49.9205523], [18.858338, 49.9205472], [18.8583675, 49.9205005], [18.8583568, 49.9204694], [18.8583085, 49.920428], [18.8582897, 49.9203866], [18.8583246, 49.9203486], [18.8583863, 49.9203175], [18.858515, 49.9202208], [18.8585633, 49.9201914], [18.8586196, 49.9201672], [18.8587376, 49.9201172], [18.8588047, 49.9200964], [18.8588718, 49.9200826], [18.8589415, 49.9200705], [18.8590085, 49.9200619], [18.8590729, 49.9200533], [18.8592124, 49.9200412], [18.8592875, 49.9200412], [18.859655, 49.9200653], [18.859722, 49.920074], [18.8597676, 49.9201172], [18.8597971, 49.9201344], [18.8598669, 49.9201344], [18.8600117, 49.9201102], [18.8600761, 49.9201172], [18.8601646, 49.9201828], [18.8602236, 49.9202018], [18.8602906, 49.9202], [18.8605723, 49.9201862], [18.8606366, 49.9201776], [18.8606983, 49.9201551], [18.8607708, 49.9200757], [18.8608325, 49.9200515], [18.8609585, 49.9200273], [18.8610283, 49.9200204], [18.8612375, 49.9200153], [18.8615137, 49.9199928], [18.8615781, 49.9199997], [18.8616371, 49.9200222], [18.8617256, 49.9201396], [18.8618785, 49.9202277], [18.8619322, 49.9202501], [18.8620582, 49.9202847], [18.8622004, 49.9203088], [18.8622674, 49.9203106], [18.8623372, 49.9203088], [18.8624744, 49.9202923], [18.8625437, 49.9202639], [18.8625786, 49.9202208], [18.862592, 49.9200878], [18.8625813, 49.9200204], [18.8624766, 49.9199462], [18.8622057, 49.9198408], [18.8618088, 49.9198046], [18.8616854, 49.91977], [18.8615191, 49.9196958], [18.8614735, 49.919663], [18.8614655, 49.9195783], [18.861385, 49.9194609], [18.8613313, 49.9194333], [18.8610417, 49.9192709], [18.8608888, 49.919176], [18.8608244, 49.9191673], [18.860634, 49.9191829], [18.8603067, 49.9191483], [18.8602236, 49.9190827], [18.8601994, 49.919043], [18.8601431, 49.9189497], [18.8599339, 49.9188288], [18.8598132, 49.9188012], [18.8597596, 49.9187753], [18.859722, 49.9187407], [18.8597113, 49.9186976], [18.8596737, 49.9185577], [18.8596496, 49.9185162], [18.8595021, 49.9184299], [18.8594297, 49.9183608], [18.8594189, 49.9182865], [18.8594967, 49.9181087], [18.8595343, 49.9178099], [18.8595262, 49.9177667], [18.8594136, 49.9176596], [18.8593867, 49.9176182], [18.8593706, 49.9175491], [18.8592795, 49.9175111], [18.8592097, 49.9174731], [18.8590059, 49.917366], [18.8589898, 49.9173246], [18.8590917, 49.9172728], [18.8592741, 49.9172192], [18.859325, 49.9171881], [18.8593438, 49.9171502], [18.8593733, 49.9169792], [18.8593733, 49.916936], [18.8592795, 49.9168393], [18.8592795, 49.9168116], [18.8593438, 49.916803], [18.8593894, 49.9167754], [18.8594082, 49.9167339], [18.8594055, 49.9166908], [18.8593841, 49.916651], [18.8593814, 49.9165837], [18.8593787, 49.9163574], [18.8593706, 49.9162849], [18.8593975, 49.9161864], [18.8594002, 49.916145], [18.8593572, 49.9160638], [18.8593867, 49.9160258], [18.8594002, 49.9159049], [18.859376, 49.9158255], [18.8593438, 49.9157443], [18.8593867, 49.9156407], [18.8593867, 49.9155975], [18.8593572, 49.9154904], [18.8593197, 49.9153436], [18.8593197, 49.9152849], [18.859317, 49.9152417], [18.8593546, 49.9152054], [18.8593572, 49.9151623], [18.8593277, 49.9149844], [18.8592741, 49.9149153], [18.8592526, 49.9148756], [18.8592526, 49.9148341], [18.8591561, 49.9147374], [18.8591051, 49.9146873], [18.8591078, 49.9145992], [18.8590381, 49.9145198], [18.8589066, 49.9142659], [18.8588369, 49.9140966], [18.8588101, 49.9139394], [18.8588315, 49.9138755], [18.8589066, 49.9137995], [18.8589656, 49.9136804], [18.8589656, 49.9136113], [18.8589683, 49.9135681], [18.8589308, 49.9134472], [18.8589737, 49.913328], [18.858963, 49.9132019], [18.8589898, 49.9130517], [18.8589925, 49.9129653], [18.8588825, 49.9128565], [18.8587913, 49.9128254], [18.8587671, 49.9127857], [18.8589066, 49.9125283], [18.8591641, 49.9122796], [18.8596389, 49.9118927], [18.8598588, 49.9116699], [18.8602746, 49.9113279], [18.8604784, 49.911207], [18.8605106, 49.9111068], [18.8604677, 49.9110412], [18.8605267, 49.9110152], [18.8605857, 49.9110636], [18.8608432, 49.9111137], [18.8609746, 49.9111275], [18.8612428, 49.9111344], [18.8615298, 49.9110532], [18.8615996, 49.9110567], [18.8617954, 49.9111102], [18.8618651, 49.9111154], [18.862305, 49.9110066], [18.8626403, 49.9109928], [18.8628307, 49.9108702], [18.8629165, 49.9108097], [18.8632035, 49.9107458], [18.8632652, 49.9107216], [18.8633645, 49.9106473], [18.8635173, 49.9105091], [18.8636488, 49.9105005], [18.863689, 49.9104677], [18.8637292, 49.9104159], [18.8637346, 49.9103001], [18.8636756, 49.9102466], [18.8636702, 49.9102034], [18.863697, 49.910162], [18.8637453, 49.9101291], [18.8639545, 49.910029], [18.8641611, 49.9098925], [18.8641986, 49.9098286], [18.8642174, 49.9097992], [18.864271, 49.9097716], [18.8643005, 49.9097336], [18.8643005, 49.9097077], [18.8642791, 49.9096731], [18.8642013, 49.9096645], [18.8641289, 49.9096835], [18.8641047, 49.9096731], [18.8641021, 49.9096386], [18.8640833, 49.9095989], [18.8640296, 49.9095747], [18.863689, 49.9096109], [18.863351, 49.9094745], [18.8632062, 49.9093069], [18.8631043, 49.9091757], [18.863115, 49.90911], [18.8631204, 49.9090668], [18.8631043, 49.9090254], [18.8629058, 49.9089131], [18.8628253, 49.9088872], [18.862761, 49.908977], [18.8627395, 49.908977], [18.8627717, 49.9088613], [18.8626108, 49.9087991], [18.8625061, 49.9087335], [18.8624364, 49.9086454], [18.8623506, 49.9086108], [18.8623828, 49.9085659], [18.8623533, 49.9085003], [18.8621736, 49.9083914], [18.8619938, 49.9083655], [18.8619241, 49.9083552], [18.8616827, 49.9082722], [18.8614869, 49.9082325], [18.8612938, 49.9082757], [18.8611624, 49.9083154], [18.8611141, 49.9083465], [18.8610202, 49.908464], [18.8610014, 49.9085538], [18.8610712, 49.9086505], [18.8610926, 49.9086903], [18.861047, 49.9087265], [18.8608432, 49.9087335], [18.8606581, 49.9087611], [18.8605884, 49.9087628], [18.860524, 49.9087559], [18.8602719, 49.9086868], [18.8601002, 49.9086143], [18.8599017, 49.9085763], [18.8597542, 49.9085763], [18.8594082, 49.9084623], [18.8588074, 49.9082515], [18.8584292, 49.9080632], [18.8581985, 49.9079803], [18.8578096, 49.9078836], [18.8574475, 49.9077247], [18.8572839, 49.9076193], [18.8569862, 49.9074586], [18.8568789, 49.9074535], [18.8567984, 49.9074327], [18.8564926, 49.9072203], [18.8562727, 49.9070665], [18.8562298, 49.9070769], [18.8560554, 49.9071857], [18.8560206, 49.9071667], [18.8562137, 49.9069992], [18.8562781, 49.9069041], [18.8562351, 49.9068713], [18.8561064, 49.906835], [18.8559937, 49.906785], [18.8557389, 49.9066502], [18.855696, 49.9065569], [18.8557148, 49.9063479], [18.855806, 49.906132], [18.8560313, 49.9058953], [18.8561895, 49.9058176], [18.8562539, 49.9057917], [18.8565785, 49.9057312], [18.856734, 49.9056517], [18.8569862, 49.9055775], [18.8571069, 49.9055325], [18.8571739, 49.905536], [18.8572571, 49.9055515], [18.8573214, 49.9055429], [18.8574475, 49.9055084], [18.8579866, 49.9053235], [18.8584453, 49.9051871], [18.8588503, 49.905092], [18.8592741, 49.9049849], [18.859655, 49.9048519], [18.8601163, 49.9046515], [18.8606903, 49.9043665], [18.8610738, 49.904154], [18.8613045, 49.9039743], [18.8615593, 49.9036876], [18.8616505, 49.9036772], [18.8617927, 49.9034768], [18.8618436, 49.9034526], [18.8619107, 49.9034509], [18.861967, 49.9034319], [18.8620636, 49.9032332], [18.8620689, 49.90319], [18.8621038, 49.9031555], [18.862305, 49.9031538], [18.8623613, 49.9031762], [18.8623774, 49.9032229], [18.862364, 49.903266], [18.8623023, 49.9033334], [18.8622835, 49.9033783], [18.8622487, 49.9034163], [18.8621762, 49.9034543], [18.8621387, 49.9034906], [18.8621709, 49.9035304], [18.8622406, 49.9035304], [18.8622808, 49.9034958], [18.8623184, 49.9034129], [18.8624042, 49.9033507], [18.8624874, 49.9032816], [18.8627046, 49.9031918], [18.8627261, 49.9031417], [18.8628146, 49.9031451], [18.8627556, 49.9032488], [18.8627341, 49.903292], [18.8626376, 49.9034077], [18.8627851, 49.9035528], [18.8627905, 49.9035926], [18.8627583, 49.9036513], [18.8627744, 49.9036945], [18.862828, 49.9037204], [18.8629782, 49.9037066], [18.8630748, 49.9039743], [18.8631874, 49.9041868], [18.8635093, 49.9045133], [18.8636649, 49.9046636], [18.8637963, 49.9047327], [18.8641316, 49.904788], [18.8642603, 49.904845], [18.8643569, 49.9048709], [18.8647324, 49.9048485], [18.8648719, 49.904902], [18.8650006, 49.9050108], [18.8650945, 49.9051041], [18.8653305, 49.9051646], [18.8653885, 49.90519], [18.865558, 49.9053576], [18.8656921, 49.9053932], [18.865716, 49.9054744], [18.8656192, 49.905533], [18.865536, 49.9055958], [18.8655512, 49.9056672], [18.8655022, 49.9057836], [18.8655152, 49.9059398], [18.8654452, 49.9060553], [18.8653917, 49.9061304], [18.8654096, 49.9062419], [18.8655476, 49.9063289], [18.8655897, 49.9064361], [18.8657772, 49.906576], [18.8661194, 49.9067391], [18.8664087, 49.906831], [18.8664787, 49.9069606], [18.8666144, 49.9070693], [18.8668353, 49.90716], [18.8669569, 49.9071708], [18.8670252, 49.9071197], [18.8670935, 49.9071103], [18.867174, 49.9071253], [18.8671891, 49.9071735], [18.8672665, 49.9071736], [18.8673791, 49.9071297], [18.8674066, 49.9071595], [18.8674766, 49.9071762], [18.8675467, 49.9071465], [18.8675671, 49.9071049], [18.8676869, 49.9070872], [18.867735, 49.9070041], [18.8678754, 49.9069279], [18.8681097, 49.9068079], [18.8683225, 49.9066922], [18.8684477, 49.9065643], [18.8685047, 49.9065906], [18.8685877, 49.9065859], [18.8686192, 49.9065205], [18.8686009, 49.9064722], [18.8687566, 49.9062327], [18.8689677, 49.9061328], [18.8692528, 49.905963], [18.869518, 49.9058211], [18.8697355, 49.9055695], [18.8698763, 49.9055381], [18.8699092, 49.905578], [18.8698268, 49.9056268], [18.8697879, 49.9057125], [18.8697821, 49.9058077], [18.8697946, 49.9059446], [18.8697315, 49.9061242], [18.8695633, 49.9064294], [18.8695031, 49.9067643], [18.8694896, 49.9069907], [18.8694341, 49.9071551], [18.8694995, 49.9073687], [18.8693815, 49.9074402], [18.8693259, 49.9075604], [18.869394, 49.9075652], [18.8695309, 49.9075217], [18.8695728, 49.9075571], [18.8695154, 49.9076295], [18.8694932, 49.9076986], [18.8695834, 49.9077404], [18.8697695, 49.9077596], [18.8700163, 49.9077442], [18.8701431, 49.9077706], [18.8705251, 49.9077617], [18.870715, 49.9077143], [18.8708147, 49.9076656], [18.870916, 49.907674], [18.8710359, 49.9076408], [18.8710878, 49.9076003], [18.8711797, 49.9076386], [18.8713455, 49.9076328], [18.8716448, 49.9076076], [18.8719135, 49.9076236], [18.8719886, 49.9076847], [18.8720787, 49.9077586], [18.8724342, 49.9078304], [18.872565, 49.9078437], [18.872613, 49.9078163], [18.872683, 49.9078343], [18.8727529, 49.9078855], [18.8727436, 49.9079165], [18.873058, 49.907994], [18.8730935, 49.9080347], [18.8730675, 49.9080834], [18.8730914, 49.9081251], [18.8733381, 49.9082881], [18.8737077, 49.908521], [18.8739621, 49.9085236], [18.8740469, 49.9084951], [18.8740902, 49.9085202], [18.8740302, 49.9085606], [18.8740375, 49.9085868], [18.8740945, 49.9086297], [18.8742179, 49.9086441], [18.8743267, 49.9086168], [18.8743361, 49.9085609], [18.874292, 49.9084942], [18.8743769, 49.9084419], [18.8745578, 49.9083469], [18.8747265, 49.9083198], [18.8749131, 49.9083648], [18.8750574, 49.9084519], [18.875239, 49.9086024], [18.87539, 49.9086573], [18.875622, 49.9087623], [18.8756842, 49.908838], [18.8756437, 49.9089289], [18.8756507, 49.9090491], [18.8757168, 49.9091361], [18.8758347, 49.909191], [18.8760024, 49.9092591], [18.8760445, 49.9093078], [18.8760499, 49.9093614], [18.8759815, 49.9094423], [18.8759057, 49.9095112], [18.8758265, 49.9095028], [18.8757582, 49.9095265], [18.8757268, 49.909561], [18.8757745, 49.9096396], [18.8758536, 49.9097159], [18.8759824, 49.9097815], [18.8761169, 49.9097959], [18.8762449, 49.9097747], [18.876294, 49.9098448], [18.876173, 49.9098736], [18.8761148, 49.9099244], [18.876098, 49.9100113], [18.8761567, 49.9100863], [18.8763077, 49.9101532], [18.8764201, 49.9101604], [18.8767846, 49.9103251], [18.8769209, 49.9103466], [18.8770076, 49.9103336], [18.8771257, 49.910285], [18.8771851, 49.9102595], [18.8774648, 49.9102779], [18.8777484, 49.9103677], [18.8780488, 49.9104755], [18.8784904, 49.910653], [18.8786922, 49.9107078], [18.8788589, 49.9107212], [18.8788348, 49.9107819], [18.878853, 49.9108664], [18.8789579, 49.9109248], [18.8790856, 49.910911], [18.8792014, 49.9108406], [18.8792808, 49.9107788], [18.879494, 49.9108431], [18.8797451, 49.9108578], [18.8798558, 49.9107901], [18.8799443, 49.9107997], [18.8799791, 49.9108783], [18.8800821, 49.9109427], [18.8801835, 49.9109559], [18.8801557, 49.911007], [18.8801555, 49.9110737], [18.88022, 49.9111094], [18.8803324, 49.9111167], [18.8803216, 49.9111779], [18.8803542, 49.9112453], [18.8804444, 49.9112811], [18.8805549, 49.9113014], [18.8806909, 49.9112639], [18.8809913, 49.9114697], [18.880986, 49.9115253], [18.8810039, 49.9116161], [18.8811014, 49.9116686], [18.8812663, 49.9117447], [18.8814513, 49.9117867], [18.8815657, 49.9117488], [18.8816252, 49.9116886], [18.881794, 49.9117157], [18.8819871, 49.9118274], [18.8820791, 49.9119405], [18.8820313, 49.9120278], [18.8820477, 49.9121289], [18.8821212, 49.9121945], [18.8822317, 49.9122386], [18.8824437, 49.912221], [18.8825563, 49.9121616], [18.8828147, 49.9122098], [18.8829465, 49.9123432], [18.8829851, 49.9124325], [18.8830862, 49.9125323], [18.8831412, 49.9126466], [18.8832719, 49.9127027], [18.883596, 49.9128327], [18.8837581, 49.9128984], [18.883935, 49.9129152], [18.8840635, 49.9128335], [18.884195, 49.912869], [18.8843255, 49.9129906], [18.8844117, 49.9131859], [18.8848319, 49.9134536], [18.8851586, 49.9137912], [18.8853001, 49.913836], [18.8856006, 49.9138204], [18.8859658, 49.9138349], [18.8864142, 49.9139072], [18.8867702, 49.9139773], [18.8872011, 49.9141415], [18.8875296, 49.9143867], [18.8875671, 49.914484], [18.8876653, 49.9145733], [18.8878053, 49.9146175], [18.8879289, 49.9145973], [18.88807, 49.9145268], [18.8882055, 49.9145155], [18.8885018, 49.9144476], [18.8886541, 49.9144469], [18.8887936, 49.9144625], [18.8888819, 49.9145483], [18.8889573, 49.9146352], [18.8890531, 49.9146544], [18.8892523, 49.9145891], [18.8894092, 49.9145059], [18.8894517, 49.9144286], [18.8894335, 49.9143619], [18.8893138, 49.9143142], [18.8891388, 49.9142736], [18.8890689, 49.9142021], [18.8890703, 49.9141172], [18.8891763, 49.9139796], [18.889235, 49.9137714], [18.8894216, 49.9134629], [18.8894447, 49.9133245], [18.8894399, 49.9131562], [18.8894716, 49.9130135], [18.8895851, 49.9130038], [18.8896774, 49.9130818], [18.8897667, 49.9131544], [18.8898659, 49.9131484], [18.8899685, 49.9131525], [18.890057, 49.9132118], [18.8901073, 49.913284], [18.8901231, 49.9133711], [18.8901639, 49.9134687], [18.8901436, 49.9135963], [18.8899721, 49.9137287], [18.8898346, 49.9138469], [18.889768, 49.9139623], [18.8898049, 49.9140644], [18.8898454, 49.9141868], [18.8899883, 49.914341], [18.8901485, 49.9144376], [18.8903904, 49.9145353], [18.8907575, 49.9147868], [18.891064, 49.915123], [18.8916912, 49.9155445], [18.8918322, 49.9157168], [18.892072, 49.9158173], [18.8922783, 49.9159429], [18.8925571, 49.9159896], [18.8929808, 49.9161296], [18.8931425, 49.9162086], [18.8931035, 49.9162894], [18.8930199, 49.9163415], [18.8924567, 49.9162409], [18.8919877, 49.916238], [18.8915534, 49.9161584], [18.8910962, 49.9157886], [18.8905553, 49.9155049], [18.8900702, 49.9154295], [18.8896733, 49.9153579], [18.8893175, 49.9154511], [18.8888198, 49.9154154], [18.8883465, 49.9156069], [18.8879292, 49.9159235], [18.887626, 49.9163072], [18.8873205, 49.9167845], [18.8871844, 49.9168652], [18.8869983, 49.9168686], [18.8868323, 49.9169148], [18.8867036, 49.9170123], [18.8865911, 49.9171634], [18.8863619, 49.9175091], [18.8863622, 49.9177225], [18.8864422, 49.9180171], [18.8870353, 49.9188906], [18.8878467, 49.9199622], [18.8885014, 49.9208764], [18.8888467, 49.9214556], [18.8894463, 49.9223829], [18.8899623, 49.9228976], [18.8901768, 49.9231561], [18.8902983, 49.9232305], [18.8905359, 49.923242], [18.8908547, 49.9232935], [18.8912323, 49.9234212], [18.8913464, 49.9235129], [18.8915085, 49.9235607], [18.8917057, 49.9236204], [18.8919416, 49.9236515], [18.8921001, 49.9236814], [18.892231, 49.9236685], [18.8923618, 49.9237103], [18.8924633, 49.9236639], [18.8925943, 49.923626], [18.8927215, 49.923588], [18.8927198, 49.9235332], [18.8926535, 49.9234951], [18.8926621, 49.923422], [18.8927774, 49.9233488], [18.8929325, 49.9232502], [18.8930419, 49.9231628], [18.893202, 49.9230897], [18.8933569, 49.9230756], [18.8935344, 49.9231142], [18.8937934, 49.9231803], [18.8939705, 49.9231904], [18.8941269, 49.9231428], [18.894205, 49.9230419], [18.8942642, 49.9229526], [18.8944495, 49.9228724], [18.8947585, 49.9228127], [18.8950461, 49.9228082], [18.895236, 49.9228107], [18.8953544, 49.9228355], [18.8954275, 49.9229275], [18.8955233, 49.9229562], [18.8957114, 49.9229254], [18.8958664, 49.9228672], [18.8959292, 49.9227911], [18.8960215, 49.9227412], [18.8961841, 49.9227427], [18.8963164, 49.9227783], [18.8964172, 49.9228697], [18.8965261, 49.922969], [18.8966771, 49.9230274], [18.8968191, 49.9230228], [18.8969963, 49.9229313], [18.8971606, 49.9228493], [18.8973682, 49.9227372], [18.8976846, 49.9226344], [18.8979281, 49.9225489], [18.8981127, 49.9224336], [18.8982253, 49.922342], [18.8983415, 49.9223529], [18.8985066, 49.9223162], [18.8987416, 49.9222854], [18.8988671, 49.9222295], [18.8990847, 49.9222166], [18.8995345, 49.9222242], [18.9000654, 49.9222151], [18.9003992, 49.9221678], [18.900606, 49.9220346], [18.9007612, 49.9218634], [18.9010768, 49.9216804], [18.9018048, 49.921434], [18.9022554, 49.9212312], [18.9026468, 49.921058], [18.9036805, 49.9203995], [18.903928, 49.9201664], [18.9041091, 49.9199404], [18.9044198, 49.9198506], [18.9046917, 49.9198814], [18.9050723, 49.9198623], [18.9053341, 49.9197618], [18.9059202, 49.9194849], [18.9061439, 49.9194778], [18.9064033, 49.9194258], [18.9065968, 49.9193804], [18.9069013, 49.9192572], [18.907049, 49.9191549], [18.9071239, 49.9189944], [18.9072412, 49.9188789], [18.9074258, 49.9187791], [18.9076028, 49.9187412], [18.9077945, 49.9187342], [18.9080377, 49.9186645], [18.9083243, 49.9184618], [18.9086397, 49.918235], [18.9089759, 49.918087], [18.9094735, 49.9179214], [18.9100341, 49.9177876], [18.9102295, 49.9178244], [18.9104508, 49.9177722], [18.9106094, 49.9176937], [18.9106091, 49.9175771], [18.9109273, 49.9174569], [18.9113474, 49.9172782], [18.9119267, 49.9170854], [18.9121611, 49.9170565], [18.9122216, 49.9171046], [18.9124353, 49.917131], [18.9128742, 49.9170456], [18.9132798, 49.9170197], [18.9135011, 49.9169294], [18.9136083, 49.9168057], [18.9136297, 49.9167291], [18.9138099, 49.9166951], [18.9138185, 49.9167749], [18.913833, 49.916863], [18.9139362, 49.9168822], [18.9140838, 49.9168418], [18.9141224, 49.9166908], [18.9149244, 49.9165383], [18.9153416, 49.9164547], [18.9157462, 49.9164407], [18.9160199, 49.9164885], [18.9162339, 49.9165686], [18.916428, 49.9167645], [18.9214401, 49.9225846], [18.93287, 49.9359889], [18.9331975, 49.9363557], [18.9333367, 49.9363091], [18.9333493, 49.9363223], [18.9337056, 49.9367317], [18.9335246, 49.9367967], [18.9335772, 49.9368584], [18.9334959, 49.936893], [18.9333348, 49.9369287], [18.9332338, 49.9369438], [18.9331198, 49.9369437], [18.932976, 49.9369299], [18.9327294, 49.9369298], [18.9325679, 49.9370882], [18.9325969, 49.9371419], [18.9325116, 49.9372118], [18.9324192, 49.9372876], [18.9322991, 49.9374696], [18.9321448, 49.9380161], [18.9320263, 49.938056], [18.9315443, 49.9379604], [18.9312465, 49.9377431], [18.9307143, 49.9377672], [18.9304873, 49.9377918], [18.9301862, 49.9378725], [18.9300538, 49.9379371], [18.9298798, 49.9380644], [18.9297334, 49.938197], [18.9295127, 49.9383309], [18.9286968, 49.9386037], [18.9282694, 49.9386781], [18.9278259, 49.9387596], [18.9275696, 49.9387496], [18.9269633, 49.9386313], [18.9266892, 49.9386207], [18.9264843, 49.9386248], [18.9259906, 49.9386658], [18.925835, 49.9386437], [18.9245122, 49.9389666], [18.9239594, 49.9392792], [18.9238433, 49.9392505], [18.9237425, 49.9393205], [18.9235501, 49.9393106], [18.923492, 49.9392772], [18.9233821, 49.9393047], [18.9233363, 49.939346], [18.9232599, 49.9393578], [18.9231774, 49.939407], [18.9231622, 49.9394463], [18.9230216, 49.9394954], [18.9227865, 49.9396212], [18.9225482, 49.9397864], [18.9222764, 49.9400105], [18.9213099, 49.941103], [18.9211775, 49.9412948], [18.9210017, 49.941464], [18.9209218, 49.9416002], [18.9208354, 49.94171], [18.9207706, 49.9418024], [18.9206195, 49.941906], [18.9204888, 49.9419345], [18.920343, 49.9419185], [18.9202436, 49.9419282], [18.9201995, 49.9419591], [18.919231, 49.9428087], [18.9190884, 49.9428941], [18.9189606, 49.9429103], [18.9189248, 49.9429299], [18.9189035, 49.9429296], [18.918892, 49.9429227], [18.9188938, 49.9429033], [18.9188728, 49.9428854], [18.9187972, 49.9428687], [18.9187713, 49.9428367], [18.9188015, 49.942795], [18.9187216, 49.9427241], [18.918484, 49.9427672], [18.9182594, 49.9428881], [18.9181795, 49.9429813], [18.9182032, 49.9431189], [18.9183177, 49.9432287], [18.9183898, 49.943347], [18.9184135, 49.9435138], [18.9183617, 49.9436862], [18.918271, 49.9437863], [18.9181406, 49.9438281], [18.918034, 49.9438443], [18.9177995, 49.9439119], [18.9177551, 49.9439596], [18.9177324, 49.944002], [18.9177307, 49.9440576], [18.9178098, 49.9442192], [18.9158959, 49.9445838], [18.9158274, 49.944393], [18.9157828, 49.9443281], [18.9157159, 49.9442871], [18.9155536, 49.9442744], [18.9153102, 49.9443256], [18.9152439, 49.9443789], [18.9152083, 49.9444345], [18.9152043, 49.9444913], [18.9152801, 49.9446508], [18.9133753, 49.9448779], [18.9133631, 49.9447049], [18.9133081, 49.9446263], [18.9132043, 49.9445772], [18.9130637, 49.9445791], [18.9128744, 49.9446007], [18.9127827, 49.9446538], [18.91274, 49.9447364], [18.9127381, 49.9448916], [18.9122696, 49.9448936], [18.9114653, 49.9449617], [18.9104805, 49.9450451], [18.9095389, 49.9450155], [18.908952, 49.9449908], [18.9091126, 49.9450741], [18.9089647, 49.9451727], [18.9087448, 49.9454479], [18.9085859, 49.9456445], [18.9082927, 49.9456799], [18.9080972, 49.9455344], [18.907876, 49.9454751], [18.9077899, 49.9454909], [18.9076818, 49.9455108], [18.9074069, 49.9456366], [18.9070831, 49.9457152], [18.9067899, 49.9457192], [18.9066005, 49.9456641], [18.9061302, 49.9456248], [18.9058633, 49.945676], [18.9056747, 49.9457122], [18.9050234, 49.9459801], [18.9044808, 49.9462381], [18.9040592, 49.9463875], [18.9038699, 49.9465054], [18.9036438, 49.9463285], [18.9034789, 49.9462774], [18.9033384, 49.9461241], [18.9028804, 49.9459205], [18.901962, 49.9458498], [18.9014563, 49.9458108], [18.9006265, 49.9457469], [18.8999454, 49.9457525], [18.8998663, 49.945759], [18.8997898, 49.9457676], [18.8997827, 49.9458135], [18.8999129, 49.945867], [18.9000624, 49.945882], [18.9002025, 49.945876], [18.9003472, 49.9459241], [18.9003752, 49.9459541], [18.9003192, 49.9460984], [18.9002258, 49.9461555], [18.9001184, 49.9461495], [18.9000904, 49.9460743], [18.8998522, 49.9460593], [18.8997868, 49.9459511], [18.8997261, 49.9459151], [18.8996654, 49.9458519], [18.8996701, 49.9457828], [18.8995066, 49.9457317], [18.8995353, 49.9456528], [18.8997831, 49.9454275], [18.8999418, 49.945298], [18.8999134, 49.9452583], [18.8998573, 49.9452379], [18.8993156, 49.9456866], [18.8990303, 49.9456927], [18.8983186, 49.9457981], [18.8979153, 49.9457929], [18.8967114, 49.9457442], [18.8942399, 49.9454587], [18.8925716, 49.9454587], [18.8921069, 49.9454675], [18.8918381, 49.9453889], [18.8906621, 49.9448424], [18.8904575, 49.9446695], [18.8901276, 49.9445771], [18.8897831, 49.944387], [18.8890171, 49.9442608], [18.8871952, 49.9440913], [18.886935, 49.9441337], [18.8863322, 49.9443911], [18.885762, 49.9444773], [18.8849485, 49.9443915], [18.8844186, 49.9444828], [18.8840168, 49.9444912], [18.8834855, 49.9444328], [18.8831486, 49.9443633], [18.8825914, 49.9443967], [18.881993, 49.9444729], [18.8817061, 49.9445269], [18.8814472, 49.9447419], [18.8812227, 49.9451852], [18.8815498, 49.9459178], [18.8812923, 49.9458626], [18.8804402, 49.9455002], [18.8800428, 49.9454252], [18.8798354, 49.9453668], [18.8797274, 49.9453724], [18.8795287, 49.945339], [18.8793494, 49.9453899], [18.8788637, 49.9456405], [18.8772886, 49.9463316], [18.8762286, 49.9469947], [18.8752329, 49.9472935], [18.8748846, 49.9474311], [18.8744876, 49.9475058], [18.8736378, 49.9476631], [18.8735767, 49.947612], [18.8733262, 49.9475176], [18.8731735, 49.9475687], [18.8730818, 49.9475845], [18.8728008, 49.9475569], [18.8727153, 49.9475766], [18.8724526, 49.9477417], [18.8723976, 49.9477889], [18.8723182, 49.9479029], [18.8722571, 49.9479422], [18.8721777, 49.9479697], [18.8720861, 49.9479815], [18.8719028, 49.9479658], [18.8718112, 49.9479776], [18.8717318, 49.9480051], [18.8716768, 49.9480523], [18.8716524, 49.9481053], [18.871515, 49.9481301], [18.8714019, 49.9481505], [18.8713225, 49.9481348], [18.8711331, 49.9481662], [18.870956, 49.9482252], [18.8707666, 49.9482645], [18.8703695, 49.9483117], [18.870003, 49.948406], [18.8697281, 49.9484414], [18.8696364, 49.948465], [18.8691545, 49.9485835], [18.86853, 49.9488831], [18.8679642, 49.9490471], [18.8677036, 49.949154], [18.8675593, 49.9491107], [18.8674131, 49.9490893], [18.8669718, 49.9491802], [18.8663541, 49.9491191], [18.8657882, 49.9489551], [18.8655344, 49.9487918], [18.8654642, 49.9487466], [18.865218, 49.9485465], [18.8653217, 49.9484798], [18.8653001, 49.9484131], [18.864431, 49.9480524], [18.8642905, 49.9480887], [18.8641566, 49.9481415], [18.8640357, 49.9481415], [18.8637031, 49.9479803], [18.8636188, 49.9479534], [18.8635994, 49.9478969], [18.8632754, 49.9476801], [18.8633402, 49.9476189], [18.8634093, 49.9475828], [18.8633143, 49.9474716], [18.86331, 49.947366], [18.8630924, 49.9472528], [18.8629041, 49.9470935], [18.8627046, 49.9471001], [18.8625748, 49.9470382], [18.8624205, 49.9471001], [18.8622694, 49.9470893], [18.8621976, 49.9470529], [18.8621869, 49.946993], [18.8622648, 49.946933], [18.8622391, 49.9468719], [18.8613524, 49.9468386], [18.8612485, 49.9468229], [18.8611416, 49.946699], [18.8609777, 49.9466987], [18.8608088, 49.9465903], [18.8607142, 49.9464986], [18.8607034, 49.9464527], [18.8607203, 49.9464315], [18.8607058, 49.9463996], [18.8606898, 49.9463932], [18.8606486, 49.9463981], [18.8606325, 49.9463878], [18.8606191, 49.9463151], [18.8606261, 49.946294], [18.860604, 49.9462776], [18.8605608, 49.9462595], [18.8605327, 49.9462067], [18.8605508, 49.9459758], [18.8606439, 49.9459177], [18.8605219, 49.9457696], [18.8603784, 49.9457028], [18.8598347, 49.9452996], [18.8597381, 49.9452784], [18.8596068, 49.9452882], [18.8594953, 49.9452725], [18.8594128, 49.945243], [18.8593746, 49.9451968], [18.8592295, 49.9451496], [18.8592265, 49.9451143], [18.859115, 49.9450386], [18.8589668, 49.9449675], [18.8585966, 49.9448663], [18.858395, 49.944882], [18.8581542, 49.9448163], [18.8580626, 49.944838], [18.8579063, 49.9447798], [18.8573565, 49.944709], [18.8569472, 49.9445872], [18.8564585, 49.9444024], [18.8545348, 49.9436587], [18.8535659, 49.9435124], [18.8530754, 49.9436339], [18.8522561, 49.9436648], [18.8508044, 49.9435772], [18.8504493, 49.9435628], [18.8492687, 49.943515], [18.8487898, 49.9434783], [18.8487294, 49.9434737], [18.8484308, 49.9435088], [18.8481611, 49.9434654], [18.8479363, 49.9433497], [18.8477847, 49.9432149], [18.8476247, 49.9432341], [18.8475254, 49.9433481], [18.8473223, 49.9434037], [18.8472692, 49.9434225], [18.8471305, 49.9434716], [18.8469941, 49.9434509], [18.8466485, 49.9434037], [18.8459401, 49.9435149], [18.8452446, 49.9436872], [18.844709, 49.9436789], [18.8443059, 49.9435731], [18.8440826, 49.9432035], [18.8437576, 49.9430342], [18.8435604, 49.9430046], [18.8433164, 49.9430633], [18.8428997, 49.9432547], [18.8425651, 49.943358], [18.8424046, 49.9434282], [18.8422937, 49.9434289], [18.8418136, 49.9434132], [18.8416889, 49.9432677], [18.8405843, 49.9431505], [18.8394236, 49.9430797], [18.8386223, 49.9429032], [18.8383314, 49.9429213], [18.8380982, 49.942849], [18.8379686, 49.9427545], [18.8375712, 49.9426933], [18.837511, 49.9425835], [18.8371188, 49.9426415], [18.8367128, 49.9425915], [18.8365451, 49.9426101], [18.8364623, 49.9426193], [18.8363176, 49.9426087], [18.8362722, 49.9426054], [18.8361858, 49.9426693], [18.8360692, 49.9426637], [18.8359914, 49.9425831], [18.8352466, 49.9426075], [18.834456, 49.9424256], [18.834118, 49.942293], [18.8339186, 49.9422148], [18.833338, 49.9421386], [18.8327014, 49.9421738], [18.8317641, 49.9418489], [18.8312107, 49.9415857], [18.8308785, 49.9415937], [18.8303713, 49.9411963], [18.8300524, 49.9410043], [18.8295198, 49.9408313], [18.8291549, 49.9406804], [18.8290595, 49.940567], [18.8290737, 49.9405127], [18.8289051, 49.9404532], [18.8285934, 49.9403551], [18.828345, 49.9402769], [18.8283052, 49.9402305], [18.8283261, 49.9401134], [18.8284308, 49.9400099], [18.8287119, 49.9401266], [18.8287292, 49.9401107], [18.82808, 49.9398454], [18.828068, 49.9398596], [18.8284113, 49.9400008], [18.8283142, 49.940098], [18.8282226, 49.940165], [18.8280656, 49.940184], [18.8279897, 49.9401197], [18.8279248, 49.940081], [18.8278707, 49.940035], [18.827836, 49.9399785], [18.8278584, 49.9398764], [18.8278551, 49.9398193], [18.8277802, 49.9396912], [18.8277563, 49.9396744], [18.8277199, 49.9396727], [18.827689, 49.939684], [18.8276702, 49.9397143], [18.8276862, 49.9397522], [18.8277281, 49.9398278], [18.8277066, 49.9398961], [18.8276647, 49.9399321], [18.8275856, 49.9399589], [18.8275346, 49.9399589], [18.8275078, 49.9399839], [18.8275305, 49.9400123], [18.8275858, 49.9400268], [18.8276652, 49.9400386], [18.8277613, 49.9400564], [18.8277908, 49.9400944], [18.8278028, 49.940128], [18.8278122, 49.9401686], [18.8278015, 49.94021], [18.8277572, 49.9402385], [18.8276855, 49.9402626], [18.8275823, 49.9402576], [18.8275142, 49.9402378], [18.8274694, 49.9402139], [18.8274552, 49.9401925], [18.827434, 49.9401606], [18.8274251, 49.9401262], [18.8274426, 49.9400562], [18.8274288, 49.9399598], [18.8274263, 49.9399422], [18.8273395, 49.9398886], [18.8271058, 49.9398218], [18.8271226, 49.9397647], [18.827145, 49.9397209], [18.8271489, 49.939714], [18.8271535, 49.9397058], [18.8272123, 49.9396421], [18.8272419, 49.9396406], [18.8273751, 49.9396787], [18.8274817, 49.9397245], [18.8275402, 49.9397206], [18.8275736, 49.9396976], [18.8275928, 49.9396641], [18.8275732, 49.9396348], [18.8275339, 49.9396203], [18.8274462, 49.9396208], [18.8272269, 49.9395549], [18.8271374, 49.9395648], [18.8270388, 49.9396198], [18.8270024, 49.9396771], [18.8269484, 49.9397139], [18.8267668, 49.9397256], [18.8267146, 49.9397194], [18.8266732, 49.9397144], [18.8265942, 49.9396781], [18.82657, 49.9396483], [18.8265506, 49.9396244], [18.8265194, 49.9396128], [18.8264913, 49.9396024], [18.8264271, 49.9396081], [18.8263499, 49.9395892], [18.8262597, 49.9395352], [18.8261422, 49.9395575], [18.8260251, 49.9395611], [18.8259302, 49.9395476], [18.8259064, 49.9395088], [18.8258909, 49.9394446], [18.8257885, 49.9394392], [18.8257849, 49.9395098], [18.8257043, 49.9395133], [18.8256846, 49.9394365], [18.8256481, 49.9394383], [18.8256364, 49.9395], [18.8255428, 49.9395575], [18.8254404, 49.9395819], [18.825331, 49.9395897], [18.8252486, 49.9395814], [18.8253191, 49.9393849], [18.8252188, 49.9393682], [18.8252121, 49.9393879], [18.8252758, 49.9393977], [18.8252121, 49.939594], [18.825081, 49.9395751], [18.8250679, 49.9395354], [18.8250332, 49.9395398], [18.825012, 49.939535], [18.8249864, 49.9395958], [18.8249284, 49.939614], [18.8241425, 49.9395311], [18.8239118, 49.9395674], [18.8228846, 49.9398815], [18.8221684, 49.9400559], [18.8217258, 49.9400835], [18.8213691, 49.9400714], [18.8210285, 49.9400214], [18.820838, 49.940011], [18.8207012, 49.9399696], [18.8205457, 49.9399489], [18.8204219, 49.9398929], [18.8203472, 49.9398591], [18.8202238, 49.9398349], [18.8201675, 49.9398159], [18.8200361, 49.939683], [18.8199127, 49.9396364], [18.8197276, 49.9396261], [18.8195425, 49.9396002], [18.8194969, 49.9395656], [18.8193333, 49.9394534], [18.8191134, 49.9393654], [18.8188317, 49.9393619], [18.8188076, 49.9392808], [18.818593, 49.9392428], [18.8183708, 49.9392048], [18.8183007, 49.9391928], [18.8179117, 49.9391254], [18.8174799, 49.9391427], [18.8172787, 49.9391686], [18.8166484, 49.9390892], [18.8162836, 49.9389476], [18.8161522, 49.938851], [18.8161013, 49.9387595], [18.8159806, 49.9386265], [18.8158438, 49.9385368], [18.8156645, 49.938474], [18.8156801, 49.9384108], [18.8158947, 49.9382744], [18.8159698, 49.9382796], [18.8160798, 49.9383503], [18.8161361, 49.9382865], [18.8160369, 49.9381812], [18.8160369, 49.9380569], [18.8159886, 49.9380655], [18.815884, 49.9381725], [18.8156292, 49.93839], [18.8154709, 49.9384073], [18.8152269, 49.938283], [18.8146985, 49.9379464], [18.8145134, 49.9377513], [18.8144168, 49.9375666], [18.8143712, 49.937318], [18.8143525, 49.9370711], [18.8142961, 49.9369417], [18.8141137, 49.9367431], [18.8138241, 49.9365342], [18.8135371, 49.9363892], [18.8133949, 49.9363771], [18.8133118, 49.936334], [18.813175, 49.9361579], [18.8129336, 49.9360388], [18.8126278, 49.9360146], [18.8124776, 49.9360267], [18.8122764, 49.9360802], [18.8119665, 49.9362189], [18.8115446, 49.9364892], [18.8110367, 49.9367031], [18.8108477, 49.9366919], [18.8095301, 49.9360366], [18.8092643, 49.9358903], [18.8089022, 49.9356814], [18.8088271, 49.9356089], [18.8087064, 49.9352671], [18.8086715, 49.934851], [18.8086635, 49.9345333], [18.8086715, 49.9342968], [18.8086528, 49.9342485], [18.8087426, 49.9341975], [18.8086273, 49.9340421], [18.8085562, 49.9339222], [18.8085884, 49.933753], [18.8085723, 49.9336442], [18.8085052, 49.9336269], [18.8084543, 49.9336977], [18.8083684, 49.9336218], [18.808347, 49.9334491], [18.8082987, 49.9334163], [18.8081887, 49.9334975], [18.8080734, 49.9334353], [18.8080519, 49.9333887], [18.8080305, 49.9333093], [18.8078776, 49.9332333], [18.8074183, 49.9331], [18.8073438, 49.9329795], [18.807207, 49.9329415], [18.8071936, 49.9330348], [18.8070971, 49.9330451], [18.8070327, 49.9329519], [18.8070703, 49.9329001], [18.8068932, 49.9328207], [18.8068043, 49.9328831], [18.8067675, 49.932872], [18.8067967, 49.9328224], [18.8066116, 49.9327447], [18.8064882, 49.9327879], [18.8063594, 49.9327508], [18.8064077, 49.9326653], [18.8059223, 49.9325289], [18.8055977, 49.9324495], [18.8049138, 49.9321646], [18.8047984, 49.9322354], [18.804734, 49.9322043], [18.8047823, 49.932118], [18.8047528, 49.9320645], [18.8045329, 49.9320317], [18.8043398, 49.9319471], [18.804042, 49.9318521], [18.8038596, 49.9317796], [18.8038328, 49.9316898], [18.8034949, 49.9316], [18.8034573, 49.9315172], [18.8031435, 49.9314343], [18.8030174, 49.9313652], [18.8025293, 49.9312167], [18.8022047, 49.9310993], [18.8017461, 49.9308801], [18.8012826, 49.9306016], [18.801223, 49.9305658], [18.801166, 49.9304673], [18.801156, 49.9304501], [18.800987, 49.9304191], [18.8010154, 49.9303872], [18.8011238, 49.9302654], [18.8014054, 49.93035], [18.8029021, 49.9305468], [18.8035539, 49.9306798], [18.8055199, 49.9313549], [18.8055709, 49.9312927], [18.8049486, 49.9310527], [18.8035646, 49.9306211], [18.8029611, 49.9305054], [18.8013062, 49.9302723], [18.8011748, 49.930217], [18.8008529, 49.9300358], [18.8004908, 49.929996], [18.799839, 49.9297802], [18.7998551, 49.9296628], [18.7997827, 49.9295057], [18.7995869, 49.9293693], [18.7993482, 49.9293209], [18.7988761, 49.9296006], [18.7986079, 49.9297301], [18.7977174, 49.9299995], [18.7975216, 49.9299978], [18.7974733, 49.9298683], [18.797653, 49.9298562], [18.7978381, 49.9298096], [18.7983531, 49.9296283], [18.7986401, 49.9295247], [18.7988198, 49.9294176], [18.7987527, 49.9293779], [18.7983102, 49.9295644], [18.7981707, 49.9296248], [18.7977925, 49.9297388], [18.7976021, 49.9297629], [18.797535, 49.9297595], [18.7974706, 49.9297491], [18.7973258, 49.9296559], [18.7972239, 49.9296076], [18.7969208, 49.9295575], [18.7967464, 49.929485], [18.7967008, 49.9294556], [18.7966043, 49.9293434], [18.7964863, 49.9293054], [18.7962234, 49.9292881], [18.7958506, 49.9293727], [18.7954536, 49.9293865], [18.7952659, 49.9293883], [18.7952685, 49.9293606], [18.7955046, 49.9292778], [18.7955368, 49.9291932], [18.7956011, 49.9291638], [18.7959874, 49.9289842], [18.7961698, 49.9289273], [18.7962261, 49.9288979], [18.7963039, 49.9288254], [18.796328, 49.9287822], [18.7964031, 49.9285716], [18.7962636, 49.9284196], [18.7961107, 49.9283333], [18.7961081, 49.9282849], [18.7961349, 49.9282452], [18.7962636, 49.9282142], [18.7963146, 49.9281796], [18.7964621, 49.9280242], [18.7965506, 49.9279586], [18.7965587, 49.9279154], [18.7963977, 49.927779], [18.7963709, 49.9277393], [18.7963495, 49.9276962], [18.7963414, 49.927653], [18.7963414, 49.927615], [18.7971944, 49.9280449], [18.797197, 49.9280018], [18.7962663, 49.9274803], [18.7961376, 49.9273802], [18.7961161, 49.9273405], [18.7961322, 49.9272956], [18.796261, 49.9271902], [18.7962851, 49.9271453], [18.796269, 49.927059], [18.7962851, 49.9270158], [18.7963307, 49.9269848], [18.7963843, 49.9269606], [18.7964487, 49.9269537], [18.7966418, 49.9269934], [18.7969825, 49.9271419], [18.7971139, 49.9271695], [18.7972668, 49.9272524], [18.7974492, 49.9273249], [18.7977093, 49.9274216], [18.7981626, 49.9275442], [18.7983611, 49.9275701], [18.7983772, 49.9275477], [18.7982404, 49.9274631], [18.798227, 49.927375], [18.7981546, 49.9273042], [18.7981385, 49.927261], [18.7980849, 49.9270469], [18.7981063, 49.9270072], [18.7981707, 49.9269917], [18.7982377, 49.9270003], [18.7983665, 49.9270245], [18.7984309, 49.9270366], [18.7985355, 49.9270953], [18.7986025, 49.9271056], [18.7987527, 49.9271971], [18.7987527, 49.9272835], [18.7985918, 49.9273646], [18.7985837, 49.9274078], [18.799375, 49.9276633], [18.7995172, 49.9276495], [18.7995735, 49.9276236], [18.7996164, 49.9274907], [18.799721, 49.9273215], [18.799831, 49.9272731], [18.799898, 49.9272593], [18.7999624, 49.9272697], [18.7999973, 49.9273076], [18.7997183, 49.927836], [18.7997532, 49.9278723], [18.7998122, 49.9278895], [18.7998766, 49.9279016], [18.8000134, 49.9279034], [18.8002118, 49.9278671], [18.8002843, 49.9278619], [18.8003513, 49.9278654], [18.8004184, 49.9278775], [18.8005149, 49.9279344], [18.800649, 49.9279448], [18.8007188, 49.9279413], [18.8007832, 49.9279241], [18.8009173, 49.9278257], [18.801105, 49.9277566], [18.8014376, 49.927798], [18.8015074, 49.927798], [18.8015744, 49.9277877], [18.8018265, 49.9277221], [18.8018882, 49.9276979], [18.8020062, 49.9275926], [18.8021377, 49.9275563], [18.802194, 49.9275304], [18.8022396, 49.9274976], [18.8022637, 49.9274579], [18.8022315, 49.9274182], [18.8021725, 49.9273992], [18.8021055, 49.9274043], [18.8018963, 49.9274648], [18.801789, 49.9275166], [18.8015985, 49.9274907], [18.8011962, 49.9274959], [18.8010219, 49.9275684], [18.8009548, 49.9275597], [18.8009146, 49.9275218], [18.8011131, 49.9273525], [18.8011506, 49.9273163], [18.8011479, 49.9272731], [18.8010219, 49.9272455], [18.8009655, 49.9272179], [18.8008207, 49.927204], [18.8007912, 49.9271643], [18.8008234, 49.9271263], [18.8008717, 49.9270953], [18.8009977, 49.927059], [18.8011613, 49.927002], [18.8014483, 49.9269053], [18.8021886, 49.9266394], [18.8029236, 49.9265479], [18.8035163, 49.926617], [18.8038087, 49.926724], [18.8038382, 49.9268104], [18.803578, 49.9271954], [18.803578, 49.9272679], [18.8037389, 49.9274372], [18.8037819, 49.9274993], [18.8038892, 49.9275597], [18.8040206, 49.9275459], [18.8041815, 49.9274959], [18.8043746, 49.9273871], [18.8045731, 49.9273301], [18.8046992, 49.9273456], [18.8048494, 49.9275235], [18.8049433, 49.9275563], [18.8053322, 49.9275304], [18.8055092, 49.9275615], [18.8057908, 49.9276858], [18.8059142, 49.9276029], [18.8065472, 49.9276495], [18.8075557, 49.9275839], [18.807891, 49.9275839], [18.808414, 49.9276979], [18.8087225, 49.9278809], [18.8092455, 49.9281727], [18.8098249, 49.928411], [18.8100368, 49.9286458], [18.8103935, 49.9290015], [18.8107958, 49.9291811], [18.8111901, 49.9292881], [18.8114181, 49.9292588], [18.8116997, 49.9292605], [18.8118231, 49.9291863], [18.8117588, 49.9291241], [18.811394, 49.9290637], [18.8109085, 49.9289117], [18.8104901, 49.928708], [18.8104632, 49.9279465], [18.8105008, 49.927912], [18.8102299, 49.9277359], [18.8101467, 49.9275977], [18.8100931, 49.9275632], [18.8097766, 49.9275425], [18.8092723, 49.9273128], [18.808516, 49.9269917], [18.8080546, 49.9269001], [18.8073572, 49.9268535], [18.8066706, 49.9269209], [18.8061234, 49.9269157], [18.8058472, 49.9268742], [18.8056084, 49.9267568], [18.8053429, 49.9265634], [18.8051096, 49.926282], [18.8047609, 49.9257467], [18.8045597, 49.9254704], [18.8044873, 49.9254462], [18.8043022, 49.9253461], [18.8040957, 49.9251648], [18.8038328, 49.9250456], [18.8036451, 49.9248954], [18.80357, 49.9247607], [18.8034359, 49.9247072], [18.8033581, 49.9247106], [18.8032722, 49.924847], [18.8033527, 49.9249489], [18.8033286, 49.9250025], [18.803181, 49.9250819], [18.8028994, 49.9252218], [18.8025132, 49.9252856], [18.8024434, 49.9252787], [18.802135, 49.9251613], [18.8020706, 49.9251579], [18.8018587, 49.9252615], [18.8018078, 49.9253409], [18.8017112, 49.9254169], [18.8014001, 49.9256724], [18.8012981, 49.9257225], [18.8011104, 49.9257795], [18.8008556, 49.9258641], [18.8007912, 49.9258814], [18.8007295, 49.9258917], [18.8003969, 49.9258624], [18.8003352, 49.9258745], [18.8002521, 49.9259194], [18.8000643, 49.9260212], [18.799949, 49.9260713], [18.7998793, 49.926073], [18.7995493, 49.9260351], [18.7993509, 49.9260592], [18.7990853, 49.9260454], [18.7988976, 49.9260817], [18.7987635, 49.92608], [18.7987018, 49.9260661], [18.7985757, 49.9260247], [18.7982351, 49.9257415], [18.798117, 49.9257035], [18.797991, 49.9256759], [18.7978569, 49.9256776], [18.7976691, 49.9257139], [18.7974653, 49.9257104], [18.7972856, 49.9256552], [18.7970978, 49.9255257], [18.7969342, 49.92541], [18.7968215, 49.9252649], [18.7966794, 49.9250508], [18.7966526, 49.924923], [18.796556, 49.924866], [18.7964916, 49.9248574], [18.7963629, 49.9248678], [18.7962985, 49.9248557], [18.796151, 49.9247728], [18.795872, 49.9245846], [18.7957889, 49.9244654], [18.7956789, 49.9243774], [18.7955019, 49.9241581], [18.7952793, 49.9240579], [18.7951881, 49.9239992], [18.7951371, 49.9239146], [18.7949949, 49.9238179], [18.7949923, 49.9237661], [18.794944, 49.9236849], [18.7948957, 49.9236573], [18.7947911, 49.9236072], [18.794665, 49.9235554], [18.7943941, 49.9234656], [18.7943405, 49.9234397], [18.7942922, 49.9234086], [18.7942466, 49.9233637], [18.7942117, 49.9233257], [18.7941527, 49.9232463], [18.7941796, 49.9230805], [18.794134, 49.9229993], [18.794134, 49.9229441], [18.7941152, 49.9229009], [18.7940857, 49.9228837], [18.7937477, 49.9227662], [18.7936699, 49.9226971], [18.793509, 49.9226281], [18.7934715, 49.9225935], [18.7933803, 49.9224847], [18.7933239, 49.9224588], [18.7931335, 49.9223656], [18.7929377, 49.9222827], [18.7928894, 49.9222516], [18.7926909, 49.9220807], [18.7924898, 49.9219391], [18.7924227, 49.9219045], [18.7921196, 49.9218044], [18.7920874, 49.9217664], [18.7920767, 49.9216817], [18.7920579, 49.9216403], [18.7920043, 49.9215591], [18.7919936, 49.921516], [18.7919587, 49.9214262], [18.7919131, 49.9213571], [18.79172, 49.9211861], [18.7916931, 49.9211499], [18.791787, 49.9208131], [18.7919506, 49.9204746], [18.7920687, 49.9203468], [18.7921169, 49.9203157], [18.7922403, 49.9202795], [18.7924442, 49.920276], [18.7925085, 49.9202639], [18.7925622, 49.9202363], [18.7926239, 49.92015], [18.7927365, 49.9201033], [18.7927687, 49.9200671], [18.7929001, 49.9200429], [18.7930611, 49.9200204], [18.7932193, 49.9200049], [18.79345, 49.9199514], [18.7934983, 49.9199358], [18.7935278, 49.9198978], [18.7935144, 49.9198598], [18.7934715, 49.9198115], [18.7934339, 49.9197718], [18.793391, 49.9197441], [18.79334, 49.9197182], [18.7932381, 49.9196837], [18.7929645, 49.9196077], [18.7926507, 49.9195041], [18.7924549, 49.9194143], [18.792133, 49.9191587], [18.791905, 49.9189635], [18.7918487, 49.9189411], [18.7917897, 49.9189238], [18.7916476, 49.9188962], [18.7910253, 49.9187926], [18.7908134, 49.9186958], [18.7907356, 49.9186855], [18.7906954, 49.9186941], [18.7906042, 49.9187563], [18.7905586, 49.9188081], [18.7905693, 49.9189134], [18.7904808, 49.9189635], [18.7903735, 49.9189843], [18.7902099, 49.9189704], [18.7902448, 49.9189204], [18.7903118, 49.9189169], [18.7904352, 49.9188133], [18.7904486, 49.9187684], [18.7904352, 49.9187252], [18.7903681, 49.9186509], [18.7903601, 49.9186078], [18.7903547, 49.9185283], [18.790234, 49.9184921], [18.7900355, 49.9184713], [18.7896681, 49.9183781], [18.7895822, 49.9183194], [18.7894884, 49.9182054], [18.7893087, 49.9181449], [18.7889439, 49.9178341], [18.7889278, 49.9177028], [18.78885, 49.9175802], [18.78885, 49.9175336], [18.7888956, 49.9174265], [18.7888446, 49.9173004], [18.7888607, 49.9171588], [18.789019, 49.9169084], [18.7890363, 49.9168969], [18.7893339, 49.9167001], [18.7899562, 49.916106], [18.7905141, 49.9162579], [18.7909003, 49.9163547], [18.7910506, 49.9162303], [18.790557, 49.915498], [18.790557, 49.9152631], [18.7909396, 49.9152998], [18.7914117, 49.9155654], [18.791579, 49.9157831], [18.7917199, 49.9158846], [18.7919108, 49.9157545], [18.791838, 49.9151078], [18.7915787, 49.9149563], [18.7911131, 49.9143251], [18.790813, 49.9144678], [18.7906491, 49.9145458], [18.7901108, 49.9145961], [18.7895041, 49.9144679], [18.7895095, 49.914345], [18.789406, 49.9142573], [18.7893978, 49.9141029], [18.7894196, 49.9139678], [18.7896034, 49.9138548], [18.7898295, 49.9136053], [18.7899591, 49.9134343], [18.7900354, 49.9134221], [18.7901608, 49.9134642], [18.7903554, 49.9136343], [18.7911529, 49.9139822], [18.794226, 49.9149533], [18.7942588, 49.9149442], [18.7942762, 49.9149067], [18.7946394, 49.9149566], [18.7950402, 49.9149752], [18.7958899, 49.914974], [18.796834, 49.9149665], [18.7976691, 49.9149086], [18.7986145, 49.9148474], [18.7991117, 49.9149131], [18.7997709, 49.9151709], [18.8002314, 49.9153955], [18.8005703, 49.9155131], [18.800971, 49.9156123], [18.8020734, 49.9158053], [18.803316, 49.9161017], [18.8045363, 49.9163426], [18.8050874, 49.9164841], [18.8052999, 49.9167013], [18.8053054, 49.9167581], [18.8052222, 49.916822], [18.8050345, 49.916841], [18.8048252, 49.9169084], [18.8045543, 49.9169429], [18.8041869, 49.9169205], [18.8040179, 49.9169464], [18.8038382, 49.9170223], [18.8037282, 49.9171277], [18.8036934, 49.917271], [18.8037148, 49.9174265], [18.8038167, 49.917575], [18.8038516, 49.9176614], [18.8039428, 49.9178064], [18.8039267, 49.9178738], [18.8038301, 49.9179498], [18.8037711, 49.9180793], [18.8036853, 49.9181363], [18.8036612, 49.9182296], [18.8036773, 49.918271], [18.8038328, 49.9183435], [18.8038596, 49.9183833], [18.8038543, 49.9185629], [18.8038999, 49.9185922], [18.8039589, 49.9186095], [18.80449, 49.9186078], [18.8045919, 49.918625], [18.8046563, 49.9186268], [18.8050291, 49.9185646], [18.8052195, 49.9185974], [18.805351, 49.918594], [18.8057238, 49.9186889], [18.8057801, 49.9186699], [18.805874, 49.9185611], [18.8060215, 49.9184955], [18.806161, 49.9184938], [18.8062468, 49.9185249], [18.8063085, 49.9186095], [18.8064855, 49.9186751], [18.8065794, 49.918758], [18.8065687, 49.9188306], [18.8066465, 49.9189065], [18.806794, 49.918967], [18.8068584, 49.9190551], [18.8068396, 49.9191708], [18.8068664, 49.9192416], [18.8070273, 49.9193037], [18.8070622, 49.9194108], [18.8070247, 49.9195265], [18.8070542, 49.9197649], [18.8071078, 49.9198771], [18.8070944, 49.9201154], [18.8071829, 49.9203848], [18.8072848, 49.9206784], [18.8074592, 49.9210203], [18.8076523, 49.9212276], [18.8081887, 49.9217128], [18.8083953, 49.9218026], [18.8085455, 49.9218095], [18.8086742, 49.921851], [18.8089263, 49.9219373], [18.8090578, 49.9220219], [18.809208, 49.9220358], [18.8092911, 49.9220288], [18.8094011, 49.9220858], [18.8095701, 49.9221117], [18.8096961, 49.9221549], [18.8103318, 49.9220755], [18.810887, 49.9220029], [18.8110868, 49.9219603], [18.8127673, 49.9214365]], [[18.7938228, 49.9181691], [18.7936994, 49.918081], [18.7938228, 49.9179377], [18.793914, 49.9179239], [18.7940454, 49.9179636], [18.7941849, 49.917967], [18.7942895, 49.9180361], [18.794311, 49.9181069], [18.7943459, 49.9182071], [18.7944505, 49.9182624], [18.7945121, 49.9183384], [18.7945148, 49.9183833], [18.7943566, 49.9184299], [18.7942868, 49.9184299], [18.7941769, 49.9183833], [18.7941366, 49.9182952], [18.7940776, 49.918271], [18.7939382, 49.9182693], [18.7938765, 49.918252], [18.7938228, 49.9181691]], [[18.8025936, 49.9184834], [18.8024729, 49.9184506], [18.8024515, 49.9183815], [18.8025132, 49.9183314], [18.8027412, 49.9182779], [18.8028806, 49.9184161], [18.8028485, 49.9184679], [18.8027304, 49.9184506], [18.8026527, 49.918499], [18.8025936, 49.9184834]], [[18.8038114, 49.9189739], [18.8038382, 49.919043], [18.8038731, 49.919081], [18.8039374, 49.9190948], [18.8040608, 49.9190672], [18.8041252, 49.9190706], [18.8042781, 49.9192209], [18.8043451, 49.9191898], [18.8042727, 49.9191362], [18.8042432, 49.9190948], [18.8042325, 49.9190067], [18.8041949, 49.9189704], [18.8041976, 49.9189238], [18.8043183, 49.9188945], [18.8043022, 49.9188582], [18.8042298, 49.9188254], [18.804101, 49.9188029], [18.8039455, 49.9187425], [18.8038462, 49.9186509], [18.8037711, 49.9186699], [18.8037389, 49.9187287], [18.803629, 49.9187649], [18.8035297, 49.9188996], [18.8035673, 49.9189601], [18.8038114, 49.9189739]], [[18.8045409, 49.9195231], [18.8045195, 49.919473], [18.8045222, 49.9194298], [18.8045704, 49.9193987], [18.8045302, 49.9193193], [18.8045409, 49.9192778], [18.8046053, 49.9192761], [18.804734, 49.9193763], [18.8050988, 49.9194834], [18.8051471, 49.9195213], [18.8051712, 49.9196042], [18.8052437, 49.9196785], [18.8054958, 49.9197269], [18.805528, 49.9197631], [18.8054904, 49.9197977], [18.8055119, 49.9198374], [18.8054582, 49.919865], [18.8053268, 49.9198512], [18.8052115, 49.9197441], [18.8051498, 49.9197303], [18.8050103, 49.9197528], [18.8047984, 49.9197873], [18.8046107, 49.91977], [18.804549, 49.9197096], [18.8045409, 49.9195231]], [[18.7991497, 49.9200515], [18.7991041, 49.9200204], [18.7990934, 49.9199755], [18.7991282, 49.9198495], [18.7992436, 49.9198149], [18.7993509, 49.9198408], [18.7993857, 49.9198875], [18.7993616, 49.9199496], [18.799324, 49.9200187], [18.7992436, 49.9199928], [18.7991497, 49.9200515]], [[18.7947401, 49.9222499], [18.7947375, 49.9221877], [18.7947831, 49.9221463], [18.7948233, 49.9221135], [18.7947401, 49.921965], [18.7947723, 49.9219442], [18.7948072, 49.9219943], [18.7948474, 49.9220306], [18.7950835, 49.9221359], [18.7950835, 49.9221808], [18.7950405, 49.9221964], [18.7949923, 49.9221739], [18.794944, 49.9221566], [18.7948742, 49.9221635], [18.7948447, 49.9221756], [18.7948152, 49.9222257], [18.7947401, 49.9222499]], [[18.7946999, 49.9229009], [18.7944961, 49.9228008], [18.7944907, 49.9227334], [18.7946275, 49.922654], [18.7947455, 49.9226471], [18.7948635, 49.9227023], [18.7949091, 49.9228111], [18.794885, 49.9228474], [18.7946999, 49.9229009]], [[18.8055709, 49.9280329], [18.8055012, 49.9279621], [18.805536, 49.9278809], [18.8054931, 49.9278274], [18.8055655, 49.9277531], [18.8057587, 49.9278326], [18.8058042, 49.9278947], [18.8057452, 49.9279983], [18.8055709, 49.9280329]], [[18.8063675, 49.9294176], [18.8063863, 49.9292968], [18.8061771, 49.9292864], [18.8061047, 49.9293399], [18.8060966, 49.9293935], [18.8062066, 49.9294263], [18.8063675, 49.9294176]], [[18.8075316, 49.9296663], [18.8073385, 49.9295419], [18.8069656, 49.9294694], [18.8067591, 49.9293641], [18.8068503, 49.9293468], [18.8070783, 49.9294228], [18.8073894, 49.9295212], [18.807545, 49.929649], [18.8075316, 49.9296663]], [[18.8020143, 49.9287356], [18.8019526, 49.9286614], [18.8020089, 49.9285612], [18.8021028, 49.9284749], [18.8022798, 49.9284334], [18.8023442, 49.9283989], [18.8024247, 49.928259], [18.8025641, 49.9282521], [18.8026446, 49.9282815], [18.8026768, 49.9284093], [18.8024729, 49.9284783], [18.8023978, 49.9285871], [18.8022074, 49.9286665], [18.8020143, 49.9287356]], [[18.801797, 49.9289946], [18.8016951, 49.9289601], [18.8016871, 49.9289186], [18.801738, 49.9288323], [18.8018373, 49.9288133], [18.801856, 49.9289048], [18.801797, 49.9289946]], [[18.7991309, 49.9290326], [18.7986052, 49.9288409], [18.798455, 49.9287632], [18.7982297, 49.9285698], [18.7982672, 49.9284732], [18.7985677, 49.9287132], [18.79886, 49.9288668], [18.7992677, 49.9290136], [18.8000107, 49.9293503], [18.800236, 49.9294383], [18.8004398, 49.9294504], [18.8010004, 49.9293365], [18.8010004, 49.9293848], [18.8003567, 49.929516], [18.8003379, 49.9295609], [18.8005766, 49.929706], [18.8008019, 49.9297284], [18.800995, 49.9297146], [18.8013357, 49.9296317], [18.8016683, 49.9294729], [18.8017729, 49.9293123], [18.8018399, 49.9292985], [18.8019338, 49.9293589], [18.8021108, 49.9293227], [18.802304, 49.929333], [18.8025078, 49.9293986], [18.8025159, 49.9294245], [18.8021055, 49.929428], [18.801856, 49.9294729], [18.8013706, 49.9296887], [18.8009092, 49.9298389], [18.8007268, 49.9298389], [18.800531, 49.9298027], [18.800362, 49.929756], [18.8001502, 49.9296559], [18.8001502, 49.9296024], [18.7998015, 49.9293417], [18.7995172, 49.9292329], [18.799257, 49.9291949], [18.7990236, 49.9293451], [18.798978, 49.9293019], [18.7991443, 49.9291051], [18.7991309, 49.9290326]], [[18.8035002, 49.9295454], [18.8032052, 49.9294971], [18.8031918, 49.9294487], [18.8032562, 49.9293848], [18.8033044, 49.9292968], [18.8035244, 49.9292104], [18.8035995, 49.9292208], [18.8036478, 49.9292778], [18.8035592, 49.9294936], [18.8035002, 49.9295454]], [[18.8017514, 49.9296991], [18.8020706, 49.9295868], [18.8022798, 49.9295558], [18.8026607, 49.9296006], [18.8028994, 49.9297992], [18.8032454, 49.9299356], [18.8032213, 49.9299684], [18.8026902, 49.9298199], [18.8020653, 49.9297802], [18.8017032, 49.9298303], [18.8012338, 49.9299805], [18.8011453, 49.9299494], [18.8011426, 49.9299011], [18.8017514, 49.9296991]], [[18.797256, 49.9284628], [18.7974277, 49.9285629], [18.7976557, 49.9285768], [18.7977147, 49.9285578], [18.7977657, 49.9283626], [18.7975082, 49.9282142], [18.7973848, 49.9282366], [18.7973124, 49.9283074], [18.797256, 49.9284628]], [[18.8046429, 49.9304208], [18.8051954, 49.9309094], [18.8053402, 49.9309353], [18.8054395, 49.9310078], [18.805536, 49.9310078], [18.8057345, 49.9309353], [18.8057345, 49.9308887], [18.8056192, 49.93083], [18.8055709, 49.9306988], [18.8055092, 49.9306711], [18.805477, 49.9308231], [18.8053912, 49.9308593], [18.8052168, 49.9308714], [18.8047877, 49.9304743], [18.8046429, 49.9304208]], [[18.8033098, 49.9300047], [18.8033447, 49.9299615], [18.8040581, 49.930091], [18.8042271, 49.9301497], [18.8042968, 49.9302343], [18.8044497, 49.9305503], [18.8044256, 49.9305693], [18.8042137, 49.9302119], [18.8040903, 49.9301463], [18.8033098, 49.9300047]], [[18.819446, 49.9194678], [18.8195667, 49.9194557], [18.8197437, 49.9193815], [18.8198215, 49.9193849], [18.8198885, 49.9194385], [18.8198885, 49.9195024], [18.8198134, 49.9195887], [18.8196257, 49.9196509], [18.819572, 49.9196768], [18.8195291, 49.9197269], [18.8194835, 49.9197718], [18.8194352, 49.9197925], [18.8193735, 49.9197925], [18.8192072, 49.9198512], [18.8191348, 49.919903], [18.8191161, 49.919979], [18.8190812, 49.9200239], [18.8189068, 49.9201569], [18.8187781, 49.9201793], [18.8187271, 49.9202104], [18.8186359, 49.9203278], [18.8185796, 49.9204539], [18.818526, 49.9204833], [18.8184643, 49.9204971], [18.8183945, 49.9204988], [18.8182765, 49.9204487], [18.8182095, 49.9204505], [18.8180941, 49.9204988], [18.8179627, 49.9205195], [18.817901, 49.9205385], [18.8177213, 49.9206007], [18.8177106, 49.9206076], [18.8175201, 49.9208166], [18.8174665, 49.9208839], [18.8174531, 49.9209254], [18.8173968, 49.920953], [18.8171285, 49.9209634], [18.8170239, 49.9210221], [18.8168871, 49.9210307], [18.8168308, 49.9210549], [18.8167664, 49.9212068], [18.8168174, 49.9213001], [18.8171285, 49.9214659], [18.8173377, 49.9215488], [18.817386, 49.9215816], [18.8174799, 49.9216956], [18.817504, 49.9217353], [18.8174611, 49.9218199], [18.8174584, 49.921908], [18.8176489, 49.9220858], [18.817665, 49.9221359], [18.8176891, 49.9222292], [18.8177186, 49.9222689], [18.8177159, 49.9223552], [18.8176918, 49.9223949], [18.8176596, 49.9224364], [18.8176194, 49.9224709], [18.8175604, 49.9224968], [18.8173699, 49.9225469], [18.8172868, 49.9225953], [18.817209, 49.9226039], [18.8169435, 49.9225245], [18.816635, 49.9224295], [18.8163587, 49.922407], [18.8162273, 49.9223949], [18.8160288, 49.9223414], [18.815766, 49.92235], [18.8156131, 49.9223483], [18.8155594, 49.9223069], [18.8155353, 49.9220323], [18.8155863, 49.9217992], [18.815597, 49.9216748], [18.8156855, 49.9212863], [18.8156882, 49.9212017], [18.8156694, 49.9211395], [18.8156185, 49.9210894], [18.8156211, 49.9210462], [18.8157767, 49.9208735], [18.8160342, 49.9207855], [18.8162971, 49.9207544], [18.8165116, 49.9206853], [18.817032, 49.9204263], [18.8173002, 49.9202691], [18.8178796, 49.9198754], [18.818534, 49.9195352], [18.8186547, 49.9195317], [18.8188559, 49.9195991], [18.8190517, 49.9196491], [18.8191402, 49.9196595], [18.8192341, 49.9196509], [18.8193065, 49.9196042], [18.819446, 49.9194678]], [[18.8155488, 49.9274881], [18.8155408, 49.9275215], [18.8155493, 49.9275547], [18.8155736, 49.9275846], [18.8156111, 49.9276082], [18.8156581, 49.927623], [18.81571, 49.9276276], [18.8157665, 49.9276204], [18.8158157, 49.9276012], [18.8158517, 49.9275723], [18.8158703, 49.9275373], [18.8158691, 49.9275002], [18.8158483, 49.9274657], [18.8158104, 49.9274378], [18.81576, 49.92742], [18.8157084, 49.9274143], [18.8156566, 49.9274192], [18.8156098, 49.9274343], [18.8155726, 49.9274581], [18.8155488, 49.9274881]]]}, "properties": {"ele": "257", "motorboat": "no", "name": "Jezioro Goczalkowickie", "name:de": "Gotschalkowitzer Stausee", "name:pl": "Jezioro Goczałkowickie", "natural": "water", "type": "multipolygon", "water": "reservoir", "wikidata": "Q5575652", "wikipedia": "pl:Jezioro Goczałkowickie", "osm_id": 9628355, "osm_type": "relation"}}, {"type": "Feature", "geometry": {"type": "Polygon", "coordinates": [[[18.9759683, 49.9253985], [18.9757885, 49.9254332], [18.9754591, 49.9255604], [18.9750816, 49.9256453], [18.9743328, 49.9256607], [18.9742429, 49.9256723], [18.9740752, 49.9257379], [18.9710714, 49.9276325], [18.971049, 49.9276466], [18.9706106, 49.9279232], [18.9704666, 49.9280813], [18.9704666, 49.9281686], [18.9705259, 49.9282449], [18.9720424, 49.9293684], [18.9721118, 49.9294609], [18.9721717, 49.9297077], [18.9721178, 49.9300664], [18.9723395, 49.9341914], [18.9722977, 49.934349], [18.9721494, 49.9345372], [18.971819, 49.9347635], [18.971497, 49.9349353], [18.9708447, 49.9351452], [18.9708404, 49.9351916], [18.9708701, 49.9352325], [18.970931, 49.9352442], [18.9727139, 49.9356147], [18.9735586, 49.9356379], [18.9759309, 49.9356263], [18.9760927, 49.9355916], [18.9764402, 49.9355646], [18.9766019, 49.9355106], [18.9767655, 49.9354029], [18.9770346, 49.9351569], [18.9775214, 49.9347899], [18.9774824, 49.9347293], [18.9774838, 49.9346955], [18.977524, 49.9346547], [18.9775869, 49.9346263], [18.9779126, 49.9345376], [18.9784911, 49.9341284], [18.9787308, 49.9339674], [18.9804125, 49.93292], [18.9806461, 49.9327713], [18.9832393, 49.9310555], [18.9827662, 49.9308947], [18.9826065, 49.9308546], [18.9824917, 49.9308649], [18.9824679, 49.9308039], [18.9822899, 49.9307368], [18.9819415, 49.9306456], [18.9809088, 49.9304634], [18.9803825, 49.930352], [18.979731, 49.9301538], [18.9793065, 49.9299266], [18.9789533, 49.929707], [18.9787263, 49.9294837], [18.9786223, 49.9293057], [18.9785667, 49.9290806], [18.9785624, 49.9288761], [18.9787065, 49.9286798], [18.9789098, 49.9285243], [18.9796723, 49.928148], [18.9798926, 49.9279926], [18.9803216, 49.9275119], [18.9803877, 49.927349], [18.9803888, 49.9272439], [18.9802823, 49.9270408], [18.9801086, 49.926899], [18.9794563, 49.9266427], [18.9784777, 49.9261272], [18.9777533, 49.9257836], [18.9774356, 49.9255927], [18.9770842, 49.9255205], [18.9762126, 49.9253932], [18.9759683, 49.9253985]]]}, "properties": {"name": "Maciek", "natural": "water", "type": "multipolygon", "water": "pond", "osm_id": 13330062, "osm_type": "relation"}}]}